time,latitude,longitude,depth,mag,magType,nst,gap,dmin,rms,net,id,updated,place,type,horizontalError,depthError,magError,magNst,status,locationSource,magSource
2026-04-20T18:47:05.797Z,-2.374,139.1482,10,5.3,mb,55,60,1.56,1.12,us,us6000srn6,2026-04-20T19:03:58.040Z,"166 km W of Abepura, Indonesia",earthquake,7.91,1.855,0.053,122,reviewed,us,us
2026-04-20T17:38:19.357Z,31.634,-104.439,6.3721,3,ml,36,73,0,0.1,tx,tx2026htlfxr,2026-04-20T18:26:30.040Z,"60 km S of Whites City, New Mexico",earthquake,0.7856815315993,0.68405153385119,0.1,34,reviewed,tx,tx
2026-04-20T17:35:10.178Z,32.116,-101.058,5.9814,3.3,ml,19,73,0.2,0.2,tx,tx2026htlatb,2026-04-20T17:50:22.959Z,"26 km S of Westbrook, Texas",earthquake,0.7771322446449,2.9253480652163,0.1,29,reviewed,tx,tx
2026-04-20T17:26:03.820Z,17.983666666667,-66.834833333333,17.24,2.7,md,18,168,0.04314,0.29,pr,pr71514053,2026-04-20T17:46:40.920Z,"2 km SW of Indios, Puerto Rico",earthquake,0.7,0.46,0.16608547391774,9,reviewed,pr,pr
2026-04-20T17:21:31.079Z,57.329,-155.837,71.1,2.8,ml,90,143,0.4,0.7,ak,aka2026htkrka,2026-04-20T17:28:04.040Z,"87 km WSW of Karluk, Alaska",earthquake,5.2,2.8553,0.2,49,automatic,ak,ak
2026-04-20T17:17:02.681Z,50.9191,-178.4456,10,3.8,mb,51,216,0.676,0.9,us,us6000srms,2026-04-20T18:22:34.040Z,"164 km SW of Adak, Alaska",earthquake,5.03,1.974,0.099,26,reviewed,us,us
2026-04-20T17:04:58.716Z,59.469,-151.945,54.3,2.7,ml,62,120,0.6,0.7,ak,aka2026htkddq,2026-04-20T17:13:11.040Z,"12 km N of Nanwalek, Alaska",earthquake,3.6,3.4367,0.6,4,automatic,ak,ak
2026-04-20T16:13:17.100Z,39.4793,143.4588,37.502,4.4,mb,72,135,2.254,0.53,us,us6000srkt,2026-04-20T17:07:59.040Z,"129 km E of Yamada, Japan",earthquake,5.38,6.86,0.075,52,reviewed,us,us
2026-04-20T16:11:42.024Z,60.654,-149.353,4.5,2.6,ml,35,62,0.5,0.8,ak,aka2026htijgz,2026-04-20T18:01:26.423Z,"18 km N of Moose Pass, Alaska",earthquake,2.9,2.1692,0.2,4,automatic,ak,ak
2026-04-20T16:08:08.253Z,57.797,-154.341,61.5,2.9,ml,85,185,0.5,0.5,ak,aka2026htigfl,2026-04-20T16:49:07.040Z,"26 km NNE of Karluk, Alaska",earthquake,5.6,3.7623,0.2,15,automatic,ak,ak
2026-04-20T15:44:52.705Z,52.1867,176.4828,9.032,4.4,mb,81,168,1.31,0.78,us,us6000srkj,2026-04-20T19:14:44.460Z,"235 km ESE of Attu Station, Alaska",earthquake,11.32,4.622,0.054,99,reviewed,us,us
2026-04-20T14:15:29.099Z,39.856,143.2291,34.135,4.7,mb,60,109,1.899,0.65,us,us6000srka,2026-04-20T16:22:50.040Z,"112 km ENE of Miyako, Japan",earthquake,8.12,4.794,0.064,74,reviewed,us,us
2026-04-20T14:02:38.020Z,39.3168,-119.0511,3,3.39,mw,15,148,0.066,0.1409,nn,nn00915849,2026-04-20T16:10:51.040Z,"18 km SE of Silver Springs, Nevada",earthquake,,1.7685,,,reviewed,nn,nn
2026-04-20T13:40:08.915Z,39.327,-119.0391,9.5095,2.52,ml,19,70,0.076,0.1131,nn,nn00915845,2026-04-20T17:35:33.767Z,"18 km ESE of Silver Springs, Nevada",earthquake,,1.2624,0.3,12,reviewed,nn,nn
2026-04-20T13:26:20.940Z,40.362333333333,-124.94483333333,11.52,3.56,ml,131,234,0.4663,0.24,nc,nc75348572,2026-04-20T19:47:22.463Z,"56 km W of Petrolia, CA",earthquake,0.53,0.9,0.148,75,reviewed,nc,nc
2026-04-20T12:56:45.171Z,39.5889,143.4485,10,5.1,mb,89,101,2.184,0.7,us,us6000srjx,2026-04-20T13:13:33.040Z,"129 km E of Yamada, Japan",earthquake,7.93,1.854,0.032,328,reviewed,us,us
2026-04-20T11:44:37.901Z,10.8663,125.9345,35,4.6,mb,62,101,20.553,0.48,us,us6000srjn,2026-04-20T13:28:04.833Z,"14 km ESE of Sulangan, Philippines",earthquake,12.3,1.877,0.072,58,reviewed,us,us
2026-04-20T11:28:58.377Z,39.6552,143.035,24.628,4.5,mb,91,121,1.887,0.45,us,us6000srjl,2026-04-20T11:56:19.040Z,"93 km E of Miyako, Japan",earthquake,7.3,2.521,0.061,79,reviewed,us,us
2026-04-20T11:09:57.546Z,39.2787,-119.0981,7.4169,2.67,ml,23,77,0.052,0.1506,nn,nn00915825,2026-04-20T17:29:08.695Z,"18 km SE of Silver Springs, Nevada",earthquake,,1.4993,0.33,11,reviewed,nn,nn
2026-04-20T10:50:00.840Z,40.35950088501,-125.00866699219,12.119999885559,2.65,md,33,259,0.5142,0.31,nc,nc75348512,2026-04-20T12:07:23.310Z,"61 km W of Petrolia, CA",earthquake,2.94,3.1400001,0.1,10,automatic,nc,nc
2026-04-20T10:44:16.040Z,39.4819,143.2471,47.565,5,mb,50,97,2.122,0.57,us,us6000srj9,2026-04-20T10:59:48.040Z,"111 km E of Yamada, Japan",earthquake,8.69,6.806,0.039,215,reviewed,us,us
2026-04-20T10:41:33.940Z,40.346666666667,-124.901,13.63,4.66,mw,171,225,0.4309,0.23,nc,nc75348507,2026-04-20T19:53:13.700Z,"52 km W of Petrolia, CA",earthquake,0.56,0.72,,7,reviewed,nc,nc
2026-04-20T09:54:45.442Z,51.0635,179.3113,43.284,4.7,mb,45,215,0.315,0.74,us,us6000srix,2026-04-20T10:48:07.040Z,"295 km WSW of Adak, Alaska",earthquake,5.8,9.323,0.078,49,reviewed,us,us
2026-04-20T09:49:43.363Z,39.7888,143.2807,25,5.1,mb,64,95,1.968,0.54,us,us6000sriv,2026-04-20T10:09:10.040Z,"115 km E of Miyako, Japan",earthquake,7.62,1.897,0.033,289,reviewed,us,us
2026-04-20T09:31:43.126Z,57.835,-156.268,133.1,2.7,ml,60,113,0.1,0.7,ak,aka2026hsvcpm,2026-04-20T09:35:47.448Z,"76 km ENE of Ugashik, Alaska",earthquake,7.8,2.3391,0.5,24,automatic,ak,ak
2026-04-20T08:32:46.679Z,39.6393,143.2591,24.452,5.6,mb,36,97,2.035,0.56,us,us6000srih,2026-04-20T10:55:08.480Z,"113 km E of Miyako, Japan",earthquake,4.88,5.274,0.095,39,reviewed,us,us
2026-04-20T07:53:00.185Z,39.9532,143.0462,35,7.4,mww,101,34,1.729,0.91,us,us6000sri7,2026-04-20T19:12:18.294Z,"100 km ENE of Miyako, Japan",earthquake,6.05,1.867,0.036,73,reviewed,us,us
2026-04-20T07:42:58.072Z,39.2816,-119.0893,8.539,2.81,ml,24,73,0.048,0.142,nn,nn00915788,2026-04-20T17:16:28.435Z,"18 km SE of Silver Springs, Nevada",earthquake,,1.4079,0.45,11,reviewed,nn,nn
2026-04-20T07:04:23.455Z,-32.4235,-178.3141,10,5.1,mb,32,96,3.185,0.73,us,us6000srhw,2026-04-20T07:24:19.040Z,"south of the Kermadec Islands",earthquake,10.79,1.904,0.106,29,reviewed,us,us
2026-04-20T06:05:38.120Z,38.714,-112.47433333333,9.21,2.58,ml,27,64,0.1065,0.16,uu,uu80137331,2026-04-20T15:03:23.240Z,"10 km SSW of Kanosh, Utah",earthquake,0.28,0.65,0.16141517173362,28,reviewed,uu,uu
2026-04-20T05:58:15.560Z,36.162,-84.397166666667,4.59,2.45,md,17,67,0.3051,0.22,se,se60620151,2026-04-20T12:02:43.970Z,"8 km NNE of Petros, Tennessee",earthquake,0.35,1.13,0.084764008971092,16,reviewed,se,se
2026-04-20T05:19:35.993Z,-7.9677,124.3047,183.138,5.2,mb,32,117,1.777,0.65,us,us6000srhi,2026-04-20T05:33:05.040Z,"122 km NW of Maubara, Timor Leste",earthquake,10.39,7.956,0.105,30,reviewed,us,us
2026-04-20T05:19:05.660Z,18.3235,-67.352,13.12,2.66,md,10,274,0.2698,0.49,pr,pr71514028,2026-04-20T05:32:55.570Z,"10 km W of Rincón, Puerto Rico",earthquake,2.2,1.35,0.11546513613022,6,reviewed,pr,pr
2026-04-20T03:47:03.766Z,-4.3965,144.3557,137.532,4.7,mb,33,91,3.807,0.54,us,us6000srh9,2026-04-20T04:01:57.040Z,"48 km SE of Angoram, Papua New Guinea",earthquake,9.09,7.955,0.126,19,reviewed,us,us
2026-04-20T03:42:50.690Z,39.3174,-119.0535,8.2906,2.84,ml,10,145,0.067,0.1228,nn,nn00915760,2026-04-20T17:03:43.304Z,"18 km SE of Silver Springs, Nevada",earthquake,,2.1433,0.19,4,reviewed,nn,nn
2026-04-20T03:18:03.930Z,18.4438,-68.8855,122,3.89,md,18,226,0.5089,0.02,pr,pr2026110000,2026-04-20T04:37:08.040Z,"9 km E of La Romana, Dominican Republic",earthquake,1.36,0.87,0.04,7,reviewed,pr,pr
2026-04-20T02:44:54.900Z,18.7215,-64.998166666667,13.76,3,md,12,214,0.3693,0.44,pr,pr71513998,2026-04-20T03:11:10.240Z,"42 km N of Charlotte Amalie, U.S. Virgin Islands",earthquake,1.53,3.19,0.06019165286645,4,reviewed,pr,pr
2026-04-20T02:33:58.814Z,62.494,-152.6,163.7,2.5,ml,57,60,0.7,0.5,ak,aka2026hshgpz,2026-04-20T03:21:55.040Z,"84 km NW of Skwentna, Alaska",earthquake,4.4,2.9684,0.1,4,automatic,ak,ak
2026-04-20T01:54:05.820Z,37.508666992188,-118.82917022705,3.8199999332428,2.53,md,30,88,0.08122,0.06,nc,nc75348337,2026-04-20T02:32:26.412Z,"14 km WSW of Toms Place, CA",earthquake,0.23,1.07000005,0.19,32,automatic,nc,nc
2026-04-20T01:25:47.650Z,19.172,-64.7595,6.77,3.29,md,11,271,0.7578,0.18,pr,pr71513988,2026-04-20T01:48:29.390Z,"93 km N of Cruz Bay, U.S. Virgin Islands",earthquake,2.48,2.1,0.018844655959699,7,reviewed,pr,pr
2026-04-20T01:21:17.359Z,-49.6804,117.3139,10,5.4,mww,33,62,16.737,0.47,us,us6000srgj,2026-04-20T04:06:49.040Z,"western Indian-Antarctic Ridge",earthquake,10.89,1.858,0.075,17,reviewed,us,us
2026-04-20T01:20:47.440Z,43.6472,-127.9661,10,3.1,ml,47,247,2.843,0.87,us,us6000srgf,2026-04-20T01:33:54.040Z,"294 km W of Bandon, Oregon",earthquake,11.76,2.022,0.041,80,reviewed,us,us
2026-04-20T00:53:48.610Z,36.212166666667,-117.9775,2.55,3,ml,38,48,0.1038,0.18,ci,ci41445272,2026-04-20T14:26:39.743Z,"8 km SSE of Olancha, CA",earthquake,0.19,0.79,0.16193624817015,104,reviewed,ci,ci
2026-04-20T00:37:18.890Z,19.224,-64.675333333333,41.48,3.32,md,10,273,0.7743,0.15,pr,pr71513983,2026-04-20T03:18:24.040Z,"99 km N of Cruz Bay, U.S. Virgin Islands",earthquake,3.13,9.41,0.097809186347555,7,reviewed,pr,pr
2026-04-20T00:19:20.366Z,-32.6068,-177.4235,10,4.9,mb,27,204,3.379,0.89,us,us6000srg8,2026-04-20T03:09:42.040Z,"south of the Kermadec Islands",earthquake,11.09,1.974,0.136,18,reviewed,us,us
2026-04-19T23:52:30.000Z,-32.291,-177.9764,10,5.2,mb,35,136,3.036,0.56,us,us6000srg6,2026-04-20T00:31:34.040Z,"south of the Kermadec Islands",earthquake,11.51,1.936,0.103,31,reviewed,us,us
2026-04-19T23:35:40.182Z,67.154,-164.463,28.9,3.5,ml,52,155,1.1,1.2,ak,aka2026hsbiyx,2026-04-20T05:52:58.183Z,"63 km S of Kivalina, Alaska",earthquake,6.1,12.4382,0.2,34,reviewed,ak,ak
2026-04-19T22:33:44.754Z,-5.4325,127.2998,401.341,4.5,mb,23,61,2.748,0.46,us,us6000srft,2026-04-20T02:33:13.040Z,"215 km SSW of Ambon, Indonesia",earthquake,8.89,9.084,0.156,12,reviewed,us,us
2026-04-19T22:31:02.580Z,19.051000595093,-155.37783813477,31.840000152588,3.35,ml,53,207,0.1309,0.140000001,hv,hv74939067,2026-04-20T19:24:57.740Z,"19 km SSE of Pāhala, Hawaii",earthquake,0.47,0.660000026,0.35,42,automatic,hv,hv
2026-04-19T21:23:04.041Z,31.672,-104.343,5.5872,2.8,ml,29,70,0.1,0.1,tx,tx2026hrwvmf,2026-04-19T21:41:33.040Z,"55 km S of Whites City, New Mexico",earthquake,0.8257263790585,0.97431252003935,0.2,18,reviewed,tx,tx
2026-04-19T21:08:51.238Z,24.9518,123.149,167.92,4.1,mb,18,84,0.498,0.46,us,us6000srfi,2026-04-20T01:46:43.040Z,"55 km NNE of Yonakuni, Japan",earthquake,8.94,6.759,0.213,6,reviewed,us,us
2026-04-19T20:18:09.330Z,18.942,-67.417166666667,17.94,2.82,md,9,316,0.554,0.11,pr,pr71513973,2026-04-19T21:00:53.020Z,"60 km NW of San Antonio, Puerto Rico",earthquake,4.42,8.86,0.11487961815249,5,reviewed,pr,pr
2026-04-19T19:55:37.128Z,-32.4336,-177.9473,10,4.9,mb,27,184,3.178,0.71,us,us6000srf6,2026-04-19T20:13:51.040Z,"south of the Kermadec Islands",earthquake,10.93,1.969,0.116,23,reviewed,us,us
2026-04-19T19:31:57.788Z,39.2823,-119.0872,10.0042,2.89,ml,32,78,0.047,0.3108,nn,nn00915666,2026-04-19T21:54:34.546Z,"18 km SE of Silver Springs, Nevada",earthquake,,0.3995,0.32,13,automatic,nn,nn
2026-04-19T19:01:11.844Z,-32.5493,-178.079,10,4.7,mb,23,194,3.296,0.34,us,us6000srez,2026-04-19T19:25:31.040Z,"south of the Kermadec Islands",earthquake,7.77,1.982,0.13,18,reviewed,us,us
2026-04-19T18:35:44.623Z,3.4763,126.5524,35,4.8,mb,59,84,3.699,0.54,us,us6000sret,2026-04-19T18:58:05.040Z,"244 km SSE of Sarangani, Philippines",earthquake,10.53,1.91,0.066,72,reviewed,us,us
2026-04-19T18:20:30.446Z,44.8173,149.3882,35,4.4,mb,66,144,4.913,0.76,us,us6000sren,2026-04-19T18:49:52.040Z,"127 km ESE of Kuril’sk, Russia",earthquake,12.38,1.94,0.064,71,reviewed,us,us
2026-04-19T18:20:00.432Z,-17.97,-69.8069,135.478,4.5,mb,22,78,0.461,0.96,us,us6000srel,2026-04-19T18:38:29.040Z,"26 km SE of Palca, Peru",earthquake,7.27,4.834,0.124,19,reviewed,us,us
2026-04-19T17:38:53.296Z,39.2855,-119.0925,7.9532,2.6,ml,28,60,0.053,0.2482,nn,nn00915634,2026-04-19T18:23:44.040Z,"18 km SE of Silver Springs, Nevada",earthquake,,0.4857,0.4,11,automatic,nn,nn
2026-04-19T17:34:47.472Z,-15.1256,-173.6164,36,6.1,mww,77,39,2.149,0.6,us,us6000sred,2026-04-20T18:01:27.337Z,"93 km NNE of Hihifo, Tonga",earthquake,9.7,1.945,0.04,59,reviewed,us,us
2026-04-19T17:22:09.427Z,53.1095,-161.8923,10,3.4,mb,25,234,2.177,0.59,us,us6000sre7,2026-04-19T17:30:45.040Z,"218 km SSE of False Pass, Alaska",earthquake,4.99,2.011,0.186,7,reviewed,us,us
2026-04-19T17:17:58.829Z,-32.3555,-178.4606,10,4.3,mb,12,149,3.134,0.33,us,us6000srea,2026-04-19T20:15:16.040Z,"south of the Kermadec Islands",earthquake,8.96,1.934,0.188,9,reviewed,us,us
2026-04-19T17:15:01.400Z,39.3439,-119.0145,6.8508,2.97,ml,27,78,0.064,0.2133,nn,nn00915630,2026-04-19T17:27:18.869Z,"19 km ESE of Silver Springs, Nevada",earthquake,,1.9267,0.16,15,reviewed,nn,nn
2026-04-19T16:52:09.284Z,39.2156,-119.1605,10,2.8,ml,26,79,0.238,0.45,us,us6000sre2,2026-04-19T17:06:23.852Z,"22 km SSE of Silver Springs, Nevada",earthquake,1.8,2.01,0.033,118,reviewed,us,us
2026-04-19T16:29:24.490Z,38.725833333333,-112.46283333333,7.27,2.5,ml,23,57,0.1168,0.26,uu,uu80137201,2026-04-19T22:53:54.360Z,"8 km SSW of Kanosh, Utah",earthquake,0.43,1.14,0.13903081090277,25,reviewed,uu,uu
2026-04-19T15:42:48.075Z,61.579,-150.957,77.8,3.2,ml,87,25,0.4,0.7,ak,aka2026hrlrni,2026-04-20T16:16:07.505Z,"23 km W of Susitna, Alaska",earthquake,2.3,2.4792,0.2,4,automatic,ak,ak
2026-04-19T15:18:04.545Z,52.8619,160.779,23.562,4.9,mb,55,139,14.861,0.97,us,us6000srd5,2026-04-19T16:06:58.040Z,"146 km E of Petropavlovsk-Kamchatsky, Russia",earthquake,12.93,5.386,0.037,224,reviewed,us,us
2026-04-19T14:53:47.150Z,38.717833333333,-112.48633333333,0.22,2.47,ml,20,79,0.1124,0.17,uu,uu80137126,2026-04-19T15:33:06.810Z,"10 km SSW of Kanosh, Utah",earthquake,0.32,1.79,0.28715163671121,23,reviewed,uu,uu
2026-04-19T14:47:11.248Z,39.2757,-119.102,10.2144,2.87,ml,30,59,0.053,0.2674,nn,nn00915556,2026-04-20T15:43:17.790Z,"18 km SE of Silver Springs, Nevada",earthquake,,0.4707,0.27,12,automatic,nn,nn
2026-04-19T14:43:47.760Z,38.7285,-112.4655,-0.51,3.62,ml,31,56,0.1197,0.28,uu,uu80137106,2026-04-20T15:01:51.081Z,"8 km SSW of Kanosh, Utah",earthquake,0.41,2.25,0.22957835025168,25,reviewed,uu,uu
2026-04-19T14:42:44.399Z,39.3139,-119.0656,6.278,4.1,mwr,56,82,0.355,0.62,us,us6000srkh,2026-04-20T17:48:29.818Z,"17 km SE of Silver Springs, Nevada",earthquake,1.6,7.105,0.048,41,reviewed,us,us
2026-04-19T14:39:16.331Z,39.2685,-119.0857,6,4.73,mw,11,90,0.039,0.1626,nn,nn00915543,2026-04-20T19:21:55.340Z,"20 km SE of Silver Springs, Nevada",earthquake,,2.0833,,,reviewed,nn,nn
2026-04-19T13:47:13.720Z,38.730666666667,-112.46483333333,6.78,3.26,ml,36,56,0.1218,0.2,uu,uu80137056,2026-04-20T19:08:06.220Z,"8 km SSW of Kanosh, Utah",earthquake,0.27,0.75,0.18022047387818,33,reviewed,uu,uu
2026-04-19T13:10:17.890Z,39.2773,-119.0932,9.6749,2.59,ml,29,74,0.048,0.2905,nn,nn00915498,2026-04-19T15:38:22.330Z,"19 km SE of Silver Springs, Nevada",earthquake,,0.4932,0.17,12,automatic,nn,nn
2026-04-19T13:00:04.467Z,52.6768,161.094,10,4.6,mb,32,149,2.102,0.58,us,us6000srbm,2026-04-19T14:07:27.040Z,"171 km ESE of Petropavlovsk-Kamchatsky, Russia",earthquake,7.13,1.946,0.09,37,reviewed,us,us
2026-04-19T12:57:16.787Z,39.326,-119.0304,8.5188,2.62,ml,30,54,0.075,0.1563,nn,nn00915484,2026-04-19T19:23:25.397Z,"19 km ESE of Silver Springs, Nevada",earthquake,,0.6448,0.28,13,automatic,nn,nn
2026-04-19T12:51:56.452Z,39.2709,-119.1004,7.536,2.88,ml,15,86,0.05,0.1296,nn,nn00915473,2026-04-19T15:12:56.758Z,"19 km SSE of Silver Springs, Nevada",earthquake,,1.6974,0.29,9,reviewed,nn,nn
2026-04-19T12:50:58.710Z,39.2756,-119.099,6.4021,2.45,ml,28,58,0.051,0.2121,nn,nn00915470,2026-04-19T14:25:36.621Z,"18 km SE of Silver Springs, Nevada",earthquake,,1.7641,0.33,17,reviewed,nn,nn
2026-04-19T12:50:27.882Z,60.5182,-139.9208,5.531,2.9,ml,28,110,0.616,1,us,us6000srbd,2026-04-19T14:16:58.040Z,"108 km N of Yakutat, Alaska",earthquake,4.12,7.907,0.038,92,reviewed,us,us
2026-04-19T12:45:15.108Z,39.281,-119.103,8.102,2.9,ml,31,79,0.314,0.66,us,us6000srbw,2026-04-19T16:06:54.028Z,"18 km SE of Silver Springs, Nevada",earthquake,1.37,6.239,0.05,52,reviewed,us,us
2026-04-19T12:44:49.700Z,37.8106,-118.0516,15.9458,3.84,ml,13,180,1.653,0.2896,nn,nn00915463,2026-04-19T15:37:53.696Z,"15 km N of Dyer, Nevada",earthquake,,71.8042,0.12,3,automatic,nn,nn
2026-04-19T12:43:31.056Z,39.2754,-119.0985,3,4.15,mw,8,87,0.051,0.1932,nn,nn00915459,2026-04-20T13:01:22.328Z,"18 km SE of Silver Springs, Nevada",earthquake,,3.194,,,reviewed,nn,nn
2026-04-19T12:25:15.229Z,43.6301,-127.568,10,2.9,ml,22,266,2.555,0.89,us,us6000srb4,2026-04-19T12:37:03.040Z,"262 km WNW of Bandon, Oregon",earthquake,9.2,2.023,0.038,90,reviewed,us,us
2026-04-19T12:03:43.151Z,-5.0791,151.3039,162.461,4.3,mb,54,143,1.23,0.87,us,us6000srb1,2026-04-19T12:26:35.040Z,"134 km SW of Kokopo, Papua New Guinea",earthquake,9.67,7.115,0.079,46,reviewed,us,us
2026-04-19T11:48:09.290Z,38.719166666667,-112.478,7.42,2.59,ml,31,56,0.1121,0.2,uu,uu80136971,2026-04-20T14:58:33.960Z,"9 km SSW of Kanosh, Utah",earthquake,0.37,0.87,0.1861013971451,23,reviewed,uu,uu
2026-04-19T11:45:29.040Z,38.733833333333,-112.46783333333,4.13,3.2,ml,37,56,0.1252,0.23,uu,uu80136966,2026-04-20T14:36:32.053Z,"7 km SSW of Kanosh, Utah",earthquake,0.33,1.22,0.16546322696214,33,reviewed,uu,uu
2026-04-19T10:45:09.021Z,51.328,-175.771,12.3,3.6,ml,20,238,0.7,0.7,ak,aka2026hrbvan,2026-04-19T16:17:03.989Z,"85 km SE of Adak, Alaska",earthquake,7.8,3.0094,0.2,15,reviewed,ak,ak
2026-04-19T10:45:01.020Z,34.7585,92.9189,10,4.5,mb,60,94,5.264,0.58,us,us6000srak,2026-04-19T11:24:29.040Z,"Southern Qinghai, China",earthquake,7.03,1.86,0.075,52,reviewed,us,us
2026-04-19T10:41:56.321Z,-6.1199,127.6178,395.008,4.4,mb,46,31,2.775,0.59,us,us6000srai,2026-04-19T11:06:41.040Z,"274 km NNE of Lospalos, Timor Leste",earthquake,9.61,9.747,0.096,31,reviewed,us,us
2026-04-19T10:04:13.990Z,19.682,-64.1848,33,3.74,md,17,289,1.2112,0.41,pr,pr2026109000,2026-04-19T15:01:53.453Z,"162 km NNE of Cruz Bay, U.S. Virgin Islands",earthquake,2.57,25.68,0.16,15,reviewed,pr,pr
2026-04-19T09:03:20.194Z,45.1412,151.2608,10,4.7,mb,65,182,6.269,0.86,us,us6000srab,2026-04-19T09:38:31.040Z,"266 km E of Kuril’sk, Russia",earthquake,11.03,1.93,0.046,144,reviewed,us,us
2026-04-19T08:55:44.488Z,8.0885,-83.1369,10,4.4,mb,20,142,1.171,0.82,us,us6000sra9,2026-04-19T11:55:25.040Z,"29 km W of Limones, Panama",earthquake,7.52,1.935,0.155,12,reviewed,us,us
2026-04-19T08:07:34.113Z,-21.7318,68.814,10,4.9,mb,34,67,5.461,0.92,us,us6000sra6,2026-04-19T08:23:23.040Z,"Mid-Indian Ridge",earthquake,11.67,1.877,0.108,27,reviewed,us,us
2026-04-19T07:38:58.300Z,18.816833333333,-64.743333333333,5.96,2.85,md,6,242,0.4114,0.44,pr,pr71513948,2026-04-19T08:19:13.450Z,"54 km N of Cruz Bay, U.S. Virgin Islands",earthquake,1.78,3.54,0.032839524507952,4,reviewed,pr,pr
2026-04-19T07:04:38.681Z,34.861,25.8633,10,4.8,mb,59,96,0.905,0.9,us,us6000sr9u,2026-04-19T07:38:24.040Z,"20 km SSE of Ierápetra, Greece",earthquake,4.3,1.587,0.056,98,reviewed,us,us
2026-04-19T06:37:45.810Z,37.546166666667,-113.20483333333,5.95,2.97,ml,31,49,0.1054,0.21,uu,uu80136961,2026-04-20T03:30:22.012Z,"2 km WNW of Kanarraville, Utah",earthquake,0.36,1.29,0.1991319818541,25,reviewed,uu,uu
2026-04-19T06:31:03.170Z,17.975,-66.822,11.69,2.87,md,20,164,0.0545,0.25,pr,pr71513938,2026-04-19T07:04:25.460Z,"2 km S of Indios, Puerto Rico",earthquake,0.61,0.53,0.073743591431771,4,reviewed,pr,pr
2026-04-19T06:23:52.084Z,67.205,-153.58,7.8,2.8,ml,55,64,0,0.9,ak,aka2026hqtdva,2026-04-19T07:21:05.040Z,"81 km NNW of Alatna, Alaska",earthquake,3,2.4638,0.1,37,reviewed,ak,ak
2026-04-19T05:35:16.689Z,-32.1851,-178.2523,10,5.2,mb,25,82,2.944,1.07,us,us6000sr9c,2026-04-19T05:53:38.040Z,"south of the Kermadec Islands",earthquake,6.8,1.895,0.064,80,reviewed,us,us
2026-04-19T05:13:53.280Z,-25.083,-179.3423,406.582,4.2,mb,19,129,4.332,0.76,us,us6000sr99,2026-04-19T07:16:04.040Z,"south of the Fiji Islands",earthquake,17.26,15.257,0.136,15,reviewed,us,us
2026-04-19T05:09:07.830Z,32.264333333333,-115.3215,10.63,2.91,ml,36,67,0.1328,0.37,ci,ci41444792,2026-04-19T15:44:07.360Z,"15 km WNW of Alberto Oviedo Mota, B.C., MX",earthquake,0.45,1.16,0.14406600099473,71,reviewed,ci,ci
2026-04-19T04:20:13.367Z,51.109,-175.798,12.3,3.3,ml,22,249,0.8,0.5,ak,aka2026hqpbfu,2026-04-19T06:55:38.365Z,"103 km SE of Adak, Alaska",earthquake,9.2,5.6581,0.1,17,reviewed,ak,ak
2026-04-19T04:15:58.037Z,31.668,-104.363,6.9202,3.3,ml,35,69,0.1,0.1,tx,tx2026hqoxqm,2026-04-20T04:30:42.804Z,"56 km S of Whites City, New Mexico",earthquake,0.65647518606639,0.70505527398968,0.2,28,reviewed,tx,tx
2026-04-19T03:45:47.266Z,31.706,-104.129,6.5228,3.3,ml,42,75,0.1,0.1,tx,tx2026hqnvbf,2026-04-19T05:22:16.632Z,"50 km W of Mentone, Texas",earthquake,0.38688611900467,0.51729362164438,0.2,40,reviewed,tx,tx
2026-04-19T03:40:33.943Z,-22.5581,-177.9092,356.065,4.5,mb,30,128,6.108,1.04,us,us6000sr8m,2026-04-19T04:01:26.040Z,"south of the Fiji Islands",earthquake,13.1,9.182,0.083,45,reviewed,us,us
2026-04-19T03:12:29.997Z,-32.039,-177.8862,10,4.9,mb,21,157,2.785,1.34,us,us6000sr8i,2026-04-19T03:27:57.040Z,"south of the Kermadec Islands",earthquake,8.46,1.952,0.15,17,reviewed,us,us
2026-04-19T02:07:54.610Z,18.971166666667,-64.5155,8.2,3.28,md,15,272,0.4902,0.25,pr,pr71513928,2026-04-19T02:27:07.480Z,"76 km NNE of Cruz Bay, U.S. Virgin Islands",earthquake,1.59,1.85,0.061782491088776,7,reviewed,pr,pr
2026-04-19T01:37:20.850Z,40.292499542236,-124.57483673096,16.35000038147,2.82,md,20,278,0.1777,0.16,nc,nc75347412,2026-04-19T07:46:21.890Z,"25 km W of Petrolia, CA",earthquake,2.52,0.74000001,0.08,16,automatic,nc,nc
2026-04-19T00:18:32.070Z,19.303333282471,-155.24000549316,1.4400000572205,2.83,ml,47,101,0.02634,0.200000003,hv,hv74938562,2026-04-19T00:34:24.040Z,"15 km S of Volcano, Hawaii",earthquake,0.24,0.379999995,0.36,41,automatic,hv,hv
2026-04-19T00:05:33.406Z,57.3,-154.758,54.6,2.9,ml,76,150,0.8,0.5,ak,aka2026hqgpvw,2026-04-19T06:23:37.485Z,"35 km SSW of Karluk, Alaska",earthquake,3.8,4.8593,0.2,54,reviewed,ak,ak
2026-04-19T00:01:49.588Z,1.2292,96.9803,10,4.3,mb,20,178,0.6,1.03,us,us6000sr7y,2026-04-19T01:17:07.040Z,"70 km W of Gunungsitoli, Indonesia",earthquake,3.79,1.908,0.142,14,reviewed,us,us
2026-04-18T23:58:04.372Z,63.069,-149.167,3.9,2.7,ml,94,23,0.3,0.9,ak,aka2026hqgjkb,2026-04-19T04:22:54.317Z,"37 km SSW of Cantwell, Alaska",earthquake,2.1,2.0296,0.1,68,reviewed,ak,ak
2026-04-18T23:56:47.822Z,-8.0836,-74.4617,145.954,4.2,mb,14,122,4.532,0.54,us,us6000sr7v,2026-04-19T00:23:12.040Z,"34 km NNE of Pucallpa, Peru",earthquake,13.21,14.099,0.147,13,reviewed,us,us
2026-04-18T22:58:21.630Z,18.124833333333,-66.364666666667,5.65,2.54,md,14,127,0.1563,0.21,pr,pr71513918,2026-04-18T23:15:07.840Z,"5 km N of Coamo, Puerto Rico",earthquake,0.38,0.49,0.21496873982568,13,reviewed,pr,pr
2026-04-18T22:48:36.280Z,19.21583366394,-155.37216186523,30.870000839233,2.55,ml,50,165,0.03222,0.109999999,hv,hv74938517,2026-04-19T01:35:51.040Z,"11 km E of Pāhala, Hawaii",earthquake,0.45,0.460000008,0.47,34,automatic,hv,hv
2026-04-18T22:21:37.320Z,19.6765,-64.256166666667,49.65,3.4,md,10,305,1.188,0.29,pr,pr71513908,2026-04-19T20:44:29.040Z,"159 km NNE of Cruz Bay, U.S. Virgin Islands",earthquake,5.56,20.03,0.121565501633,4,reviewed,pr,pr
2026-04-18T22:09:25.250Z,19.746,-64.3775,34,3.9,md,22,277,1.2557,0.2,pr,pr2026108000,2026-04-18T23:05:36.040Z,"162 km NNE of Cruz Bay, U.S. Virgin Islands",earthquake,1.44,13.9,0.07,15,reviewed,pr,pr
2026-04-18T20:25:56.350Z,39.3025,-119.1115,9.4289,3.02,ml,29,68,0.075,0.0967,nn,nn00915371,2026-04-19T12:59:36.672Z,"15 km SE of Silver Springs, Nevada",earthquake,,0.92,0.25,15,reviewed,nn,nn
2026-04-18T20:06:51.170Z,1.2529,97.2066,18,5.7,mww,89,62,0.372,0.84,us,us6000sr5z,2026-04-19T20:36:28.931Z,"45 km W of Gunungsitoli, Indonesia",earthquake,5.73,1.819,0.073,18,reviewed,us,us
2026-04-18T19:47:56.432Z,53.5838,-166.4199,96.975,2.7,ml,22,200,0.267,0.28,us,us6000sr9f,2026-04-19T20:41:58.040Z,"33 km SSE of Unalaska, Alaska",earthquake,10.67,13.103,0.097,14,reviewed,us,us
2026-04-18T19:46:52.017Z,-5.5774,146.9923,173.523,4.8,mb,61,44,3.53,1.07,us,us6000sr5w,2026-04-18T20:15:50.858Z,"126 km N of Lae, Papua New Guinea",earthquake,6.31,7.557,0.053,107,reviewed,us,us
2026-04-18T18:53:08.100Z,57.091,-156.51,80.4,3.9,ml,179,151,0.5,0.7,ak,aka2026hpwgqc,2026-04-19T05:59:16.046Z,"71 km SE of Ugashik, Alaska",earthquake,3.8,1.9358,0.2,120,reviewed,ak,ak
2026-04-18T18:29:58.948Z,-32.4116,-178.0587,11.382,5.4,mww,105,66,3.158,1.09,us,us6000sr5n,2026-04-19T18:59:05.677Z,"south of the Kermadec Islands",earthquake,8.28,3.754,0.053,34,reviewed,us,us
2026-04-18T18:24:54.608Z,31.5799,50.0323,10,4.7,mb,69,77,5.046,0.9,us,us6000sr5m,2026-04-18T18:41:12.040Z,"52 km NE of Rāmhormoz, Iran",earthquake,11.05,1.883,0.054,105,reviewed,us,us
2026-04-18T17:58:38.636Z,54.455,-161.791,7.5,2.5,ml,17,230,0.6,0.6,ak,aka2026hpulsb,2026-04-19T05:50:41.618Z,"75 km SSE of King Cove, Alaska",earthquake,6.9,3.0984,0.2,13,reviewed,ak,ak
2026-04-18T17:57:02.061Z,2.7054,-84.3734,10,4.2,mb,30,94,6.407,0.38,us,us6000sr5i,2026-04-18T22:06:12.040Z,"off the coast of Central America",earthquake,8.73,1.957,0.167,10,reviewed,us,us
2026-04-18T17:54:41.415Z,54.753,-156.891,5,3.4,ml,63,227,1.8,1.1,ak,aka2026hpuile,2026-04-18T21:31:46.040Z,"192 km SE of Perryville, Alaska",earthquake,6.9,,0.1,8,automatic,ak,ak
2026-04-18T17:25:15.397Z,63.56,-150.925,3.6,2.6,ml,66,33,0.7,0.9,ak,aka2026hptixr,2026-04-19T05:47:13.942Z,"39 km E of Denali National Park, Alaska",earthquake,2.3,2.1126,0.1,47,reviewed,ak,ak
2026-04-18T16:38:25.449Z,39.3311,-119.0361,8.679,2.54,ml,25,69,0.08,0.0846,nn,nn00915337,2026-04-18T23:49:20.736Z,"18 km ESE of Silver Springs, Nevada",earthquake,,0.714,0.23,18,reviewed,nn,nn
2026-04-18T16:03:48.162Z,-32.0646,-178.1403,34.735,5.3,mb,86,73,2.816,0.65,us,us6000sr4y,2026-04-18T16:23:47.040Z,"south of the Kermadec Islands",earthquake,7.61,4.402,0.041,204,reviewed,us,us
2026-04-18T15:32:22.639Z,-12.8628,168.7119,620.016,4.4,mb,99,45,2.956,0.77,us,us6000sr4r,2026-04-18T15:51:37.040Z,"168 km NE of Sola, Vanuatu",earthquake,11.28,8.378,0.051,112,reviewed,us,us
2026-04-18T15:03:00.197Z,-10.6594,161.575,47.956,5.8,mww,186,24,2.01,0.69,us,us6000sr4k,2026-04-19T15:28:09.495Z,"44 km WSW of Kirakira, Solomon Islands",earthquake,6.22,5.704,0.051,37,reviewed,us,us
2026-04-18T14:26:11.865Z,28.3075,103.5102,10,4.5,mb,36,68,8.535,0.77,us,us6000sr4f,2026-04-18T14:54:11.040Z,"83 km WSW of Shuanglong, China",earthquake,10.39,1.902,0.097,31,reviewed,us,us
2026-04-18T13:15:09.117Z,51.42,-179.6701,35,5,mb,51,175,0.552,0.96,us,us6000sr43,2026-04-20T13:25:20.358Z,"216 km WSW of Adak, Alaska",earthquake,2.14,1.937,0.035,261,reviewed,us,us
2026-04-18T12:29:21.049Z,60.197,-159.114,6,2.5,ml,19,82,0.5,0.6,ak,aka2026hpjoks,2026-04-19T03:59:57.099Z,"106 km NNW of Aleknagik, Alaska",earthquake,3.9,3.5754,0.2,15,reviewed,ak,ak
2026-04-18T12:19:25.367Z,39.3093,-119.0551,7.2846,3.18,ml,16,144,0.059,0.1578,nn,nn00915285,2026-04-18T13:03:55.040Z,"18 km SE of Silver Springs, Nevada",earthquake,,2.2296,0.31,6,reviewed,nn,nn
2026-04-18T12:16:26.188Z,-32.0442,-177.9073,10,5.2,mb,48,75,2.79,0.83,us,us6000sr3w,2026-04-18T12:32:30.040Z,"south of the Kermadec Islands",earthquake,12.32,1.873,0.101,32,reviewed,us,us
2026-04-18T12:15:48.541Z,-31.9639,-178.1147,10,4.8,mb,30,151,2.715,0.58,us,us6000sr3x,2026-04-18T12:42:28.040Z,"Kermadec Islands region",earthquake,14.19,1.927,0.102,30,reviewed,us,us
2026-04-18T12:01:20.423Z,15.0254,122.284,10,4.6,mb,46,114,8.375,1.12,us,us6000sr3t,2026-04-18T12:57:54.040Z,"26 km ENE of Karligan, Philippines",earthquake,12.05,1.903,0.085,41,reviewed,us,us
2026-04-18T11:23:00.510Z,53.7749,-164.2812,30.014,2.5,ml,17,222,0.722,0.59,us,us6000sr93,2026-04-19T04:45:51.040Z,"105 km ESE of Akutan, Alaska",earthquake,4.97,14.117,0.105,12,reviewed,us,us
2026-04-18T11:04:56.276Z,0.213,125.7153,30.56,5,mb,51,66,6.296,1.28,us,us6000sr3p,2026-04-18T11:21:24.040Z,"144 km E of Modisi, Indonesia",earthquake,9.1,1.057,0.093,37,reviewed,us,us
2026-04-18T10:47:54.936Z,-32.0876,-178.0627,10,5.9,mww,48,53,2.836,1.06,us,us6000sr3l,2026-04-20T16:35:39.040Z,"south of the Kermadec Islands",earthquake,12.03,1.869,0.061,26,reviewed,us,us
2026-04-18T10:24:58.972Z,6.7773,-73.089,162.185,4.6,mb,42,118,2.278,0.86,us,us6000sr3g,2026-04-19T04:57:08.040Z,"4 km N of Jordán, Colombia",earthquake,12.99,11.982,0.029,365,reviewed,us,us
2026-04-18T10:23:40.737Z,0.2372,125.7661,35,4.9,mb,42,90,6.28,0.79,us,us6000sr3h,2026-04-18T10:44:33.040Z,"149 km E of Modisi, Indonesia",earthquake,9.66,1.935,0.081,48,reviewed,us,us
2026-04-18T09:32:01.590Z,-15.2935,-173.153,10,4.8,mb,30,104,1.912,1.39,us,us6000sr3d,2026-04-18T09:49:27.040Z,"100 km NE of Hihifo, Tonga",earthquake,10.25,1.883,0.05,123,reviewed,us,us
2026-04-18T08:49:28.122Z,24.8222,63.0675,10,4.3,mb,36,240,6.234,0.68,us,us6000sr38,2026-04-18T09:07:22.040Z,"63 km SW of Pasni, Pakistan",earthquake,9.66,1.98,0.101,28,reviewed,us,us
2026-04-18T07:08:48.438Z,56.464,-148.843,20.9,3.1,ml,27,232,2.9,0.6,ak,aka2026hoyxka,2026-04-19T03:45:10.063Z,"244 km ESE of Chiniak, Alaska",earthquake,15.7,18.9647,0.2,18,reviewed,ak,ak
2026-04-18T06:54:27.509Z,55.689,-160.731,125.6,2.7,ml,25,165,0.6,0.3,ak,aka2026hoyleu,2026-04-19T03:42:05.483Z,"41 km NNW of Sand Point, Alaska",earthquake,19.3,2.9975,0.4,18,reviewed,ak,ak
2026-04-18T06:09:25.350Z,43.2088,-127.0084,10,2.6,ml,40,265,2.154,0.58,us,us6000sr2p,2026-04-18T06:35:39.040Z,"210 km W of Langlois, Oregon",earthquake,10.77,2.023,0.042,76,reviewed,us,us
2026-04-18T06:04:35.041Z,6.4842,60.2475,10,4.9,mb,46,87,12.062,0.64,us,us6000sr2q,2026-04-18T06:23:29.040Z,"Carlsberg Ridge",earthquake,10.89,1.902,0.091,38,reviewed,us,us
2026-04-18T05:59:58.199Z,6.409,60.2178,10,5.5,mww,50,89,11.982,0.7,us,us6000sr2n,2026-04-19T06:24:48.069Z,"Carlsberg Ridge",earthquake,10.72,1.896,0.093,11,reviewed,us,us
2026-04-18T05:54:40.980Z,17.934833333333,-66.788333333333,8.87,2.47,md,10,184,0.08476,0.12,pr,pr71513873,2026-04-18T06:08:55.170Z,"7 km SSE of Indios, Puerto Rico",earthquake,0.5,0.94,0.10441323848558,4,reviewed,pr,pr
2026-04-18T05:54:30.799Z,36.5388,137.9099,10,4.9,mww,135,57,0.237,0.69,us,us6000sr2i,2026-04-18T07:10:57.147Z,"5 km NE of Ōmachi, Japan",earthquake,7.84,1.863,0.11,8,reviewed,us,us
2026-04-18T05:35:49.482Z,60.291,-152.323,97.6,3.5,ml,202,30,0.3,0.9,ak,aka2026hovvir,2026-04-18T06:47:43.355Z,"45 km NW of Ninilchik, Alaska",earthquake,1.7,1.213,0.2,132,reviewed,ak,ak
2026-04-18T04:40:12.867Z,45.7789,151.8949,35,5.2,mww,77,121,6.806,0.92,us,us6000sr27,2026-04-18T05:00:55.040Z,"Kuril Islands",earthquake,9.82,1.872,0.08,15,reviewed,us,us
2026-04-18T04:37:12.871Z,-5.6651,129.9006,205.269,4.4,mb,20,82,1.135,0.87,us,us6000sr22,2026-04-18T05:11:15.040Z,"279 km SSE of Amahai, Indonesia",earthquake,11.95,9.657,0.17,10,reviewed,us,us
2026-04-18T04:20:05.328Z,36.5483,137.8494,10,4.9,mb,51,81,0.286,0.82,us,us6000sr1y,2026-04-18T06:11:13.109Z,"5 km NNW of Ōmachi, Japan",earthquake,6.67,1.883,0.043,168,reviewed,us,us
2026-04-18T04:06:49.223Z,-31.8112,-178.0379,10,4.9,mb,18,177,2.559,1.07,us,us6000sr31,2026-04-18T21:30:22.040Z,"Kermadec Islands region",earthquake,15.12,1.653,0.155,14,reviewed,us,us
2026-04-18T03:51:51.026Z,51.4166,-177.8752,54.531,3.2,ml,12,234,0.34,0.18,us,us6000sr2h,2026-04-18T21:16:20.040Z,"99 km WSW of Adak, Alaska",earthquake,5.09,9.612,0.115,10,reviewed,us,us
2026-04-18T03:16:12.311Z,36.5606,70.9008,186.074,4.5,mb,66,61,2.156,0.73,us,us6000sr1k,2026-04-18T03:32:32.040Z,"34 km S of Jurm, Afghanistan",earthquake,5.54,6.572,0.057,90,reviewed,us,us
2026-04-18T02:54:20.073Z,36.6199,70.7871,198.753,5.3,mww,63,36,2.163,1.38,us,us6000sr1e,2026-04-18T05:11:16.234Z,"27 km S of Jurm, Afghanistan",earthquake,4.4,6.643,0.086,13,reviewed,us,us
2026-04-18T02:14:33.982Z,1.2229,126.076,35,4.7,mb,37,90,6.87,0.9,us,us6000sr16,2026-04-18T02:43:17.040Z,"108 km ESE of Bitung, Indonesia",earthquake,10.08,1.918,0.086,46,reviewed,us,us
2026-04-18T02:08:08.409Z,-21.041,-68.2538,118.068,4.5,mb,29,81,1.152,1.2,us,us6000sr12,2026-04-18T02:28:45.040Z,"20 km N of Ollagüe, Chile",earthquake,6.43,7.807,0.127,19,reviewed,us,us
2026-04-18T01:59:30.821Z,39.3175,-119.0629,6.2168,2.55,ml,20,88,0.069,0.1176,nn,nn00915193,2026-04-19T00:52:35.151Z,"17 km SE of Silver Springs, Nevada",earthquake,,1.2536,0.28,14,reviewed,nn,nn
2026-04-18T00:47:40.114Z,51.1904,-178.4573,37.903,2.8,ml,15,220,0.427,0.86,us,us6000sr10,2026-04-18T02:39:12.040Z,"147 km WSW of Adak, Alaska",earthquake,3.98,13.678,0.105,14,reviewed,us,us
2026-04-18T00:28:21.763Z,45.3903,150.9639,35,5,mb,57,137,6.095,0.8,us,us6000sr09,2026-04-18T00:54:58.040Z,"242 km E of Kuril’sk, Russia",earthquake,10.25,1.919,0.037,235,reviewed,us,us
2026-04-17T23:56:31.497Z,31.736,-104.113,7.6508,3.2,ml,40,67,0,0.1,tx,tx2026hokoxt,2026-04-18T00:09:04.265Z,"48 km W of Mentone, Texas",earthquake,0.38761911324774,0.46018860699321,0.2,40,reviewed,tx,tx
2026-04-17T23:29:37.922Z,1.2073,126.3204,35,5.1,mb,69,53,7.206,1.06,us,us6000sqzn,2026-04-17T23:51:53.040Z,"127 km WNW of Ternate, Indonesia",earthquake,9.39,1.817,0.054,113,reviewed,us,us
2026-04-17T23:21:27.293Z,0.0691,123.7912,121.035,5.1,mww,83,35,6.463,1.04,us,us6000sqzl,2026-04-18T02:29:03.040Z,"83 km WSW of Modisi, Indonesia",earthquake,9.27,6.524,0.073,18,reviewed,us,us
2026-04-17T23:15:05.055Z,-24.9141,-68.1972,124.55,4.1,mb,25,87,1.288,0.7,us,us6000sqzj,2026-04-18T01:51:28.040Z,"149 km NNW of Antofagasta de la Sierra, Argentina",earthquake,5.91,14.69,0.233,5,reviewed,us,us
2026-04-17T22:19:21.504Z,-6.1878,131.2879,73.716,4.7,mb,30,108,2.153,0.99,us,us6000sqz7,2026-04-18T01:40:38.040Z,"173 km WSW of Tual, Indonesia",earthquake,8.72,8.904,0.093,35,reviewed,us,us
2026-04-17T22:04:32.791Z,57.868,-136.637,10,3.7,ml,51,122,0.2,3.4,ak,aka2026hogxjn,2026-04-20T16:41:29.040Z,"26 km WSW of Pelican, Alaska",earthquake,3.7,0,0.1,33,reviewed,ak,ak
2026-04-17T21:46:30.836Z,-5.9581,148.5128,94.504,5.1,mb,41,58,3.677,0.71,us,us6000sqz1,2026-04-17T22:02:00.040Z,"99 km NE of Finschhafen, Papua New Guinea",earthquake,6.58,6.091,0.095,36,reviewed,us,us
2026-04-17T21:24:16.190Z,39.912334442139,-120.41432952881,-1.539999961853,2.47,md,29,58,,0.15,nc,nc75346607,2026-04-18T05:59:54.772Z,"7 km NE of Lake Davis, CA",earthquake,0.32,2.31999993,0.17,20,automatic,nc,nc
2026-04-17T21:12:54.579Z,51.9022,176.3053,10,4.1,mb,24,197,1.367,1.18,us,us6000sr0y,2026-04-18T03:04:02.040Z,"236 km ESE of Attu Station, Alaska",earthquake,7.44,1.994,0.108,23,reviewed,us,us
2026-04-17T21:07:51.945Z,-20.4113,-68.8313,97.053,4.4,mwr,37,63,0.405,1.09,us,us6000sqyu,2026-04-17T23:06:12.565Z,"86 km E of La Tirana, Chile",earthquake,5.63,5.776,0.083,14,reviewed,us,us
2026-04-17T21:00:05.064Z,52.1174,-175.7443,144.99,3.9,mb,27,136,0.172,0.29,us,us6000sqyt,2026-04-18T22:22:39.040Z,"66 km ENE of Adak, Alaska",earthquake,9.14,5.316,0.109,23,reviewed,us,us
2026-04-17T16:33:07.722Z,53.626,-165.0106,10,3.4,ml,11,213,0.723,0.78,us,us6000sqvn,2026-04-17T23:39:48.696Z,"75 km SE of Akutan, Alaska",earthquake,2.55,2,0.085,18,reviewed,us,us
2026-04-17T15:49:24.942Z,54.875,-160.808,19.8,2.6,ml,25,220,0.7,0.5,ak,aka2026hnulkp,2026-04-18T00:06:39.039Z,"54 km SSW of Sand Point, Alaska",earthquake,5.6,3.6458,0.2,18,reviewed,ak,ak
2026-04-17T15:20:21.399Z,56.744,-155.267,28.4,2.9,ml,63,184,1.1,0.5,ak,aka2026hntmiz,2026-04-17T23:58:33.253Z,"70 km WSW of Akhiok, Alaska",earthquake,5.1,6.9927,0.2,44,reviewed,ak,ak
2026-04-17T14:26:37.154Z,39.3199,-119.0591,7.1637,2.66,ml,32,61,0.07,0.1103,nn,nn00915102,2026-04-18T12:42:36.040Z,"17 km SE of Silver Springs, Nevada",earthquake,,0.895,0.28,16,reviewed,nn,nn
2026-04-17T13:34:27.073Z,39.3165,-119.0617,8.1964,2.85,ml,30,80,0.067,0.0953,nn,nn00915093,2026-04-18T12:58:24.040Z,"17 km SE of Silver Springs, Nevada",earthquake,,0.9159,0.34,15,reviewed,nn,nn
2026-04-17T13:13:15.347Z,51.2114,-179.1057,27.519,3.4,ml,19,210,0.388,0.83,us,us6000sqzb,2026-04-18T13:03:09.040Z,"186 km WSW of Adak, Alaska",earthquake,3.95,10.773,0.085,18,reviewed,us,us
2026-04-17T13:03:42.170Z,34.839166666667,-116.41016666667,1.33,3.54,ml,45,67,0.0626,0.15,ci,ci41443376,2026-04-18T13:14:33.040Z,"26 km WNW of Ludlow, CA",earthquake,0.14,0.33,0.17170134862582,305,reviewed,ci,ci
2026-04-17T12:39:26.641Z,13.1896,-44.8124,10,5.4,mww,67,87,11.142,0.82,us,us6000sqta,2026-04-18T13:03:41.848Z,"northern Mid-Atlantic Ridge",earthquake,10.46,1.883,0.098,10,reviewed,us,us
2026-04-17T12:37:12.403Z,50.3189,156.5459,70.766,4.6,mb,65,127,2.884,0.59,us,us6000sqtb,2026-04-17T13:03:45.040Z,"49 km SE of Severo-Kuril’sk, Russia",earthquake,11.1,7.22,0.047,133,reviewed,us,us
2026-04-17T11:04:06.723Z,-24.1619,-67.0868,205.468,4.4,mb,26,104,1.567,0.99,us,us6000sqrh,2026-04-17T12:23:33.040Z,"78 km W of San Antonio de los Cobres, Argentina",earthquake,9.69,8.538,0.138,15,reviewed,us,us
2026-04-17T10:21:15.146Z,0.675,126.3137,32.187,4.7,mb,35,96,6.924,0.38,us,us6000sqrf,2026-04-17T10:37:24.040Z,"119 km W of Ternate, Indonesia",earthquake,8.97,6.004,0.099,31,reviewed,us,us
2026-04-17T10:03:53.294Z,61.214,-150.521,50.2,2.8,ml,113,43,0.3,0.9,ak,aka2026hnizrb,2026-04-17T23:01:48.418Z,"31 km ENE of Beluga, Alaska",earthquake,1.9,2.5889,0.2,77,reviewed,ak,ak
2026-04-17T09:57:27.222Z,60.5005,-139.8052,5,2.8,ml,27,87,0.674,0.68,us,us6000sqr8,2026-04-20T09:24:48.040Z,"106 km N of Yakutat, Alaska",earthquake,1.87,1.925,0.043,70,reviewed,us,us
2026-04-17T08:53:37.081Z,26.4483,96.1218,109.148,4.3,mb,44,106,5.334,0.86,us,us6000sqr4,2026-04-17T11:08:32.040Z,"73 km WNW of Sarupathar, India",earthquake,11.18,7.644,0.099,29,reviewed,us,us
2026-04-17T07:03:02.250Z,19.310166666667,-155.22216666667,0.35,2.73,ml,37,131,0.02888,0.16,hv,hv74937497,2026-04-17T20:19:19.140Z,"14 km S of Volcano, Hawaii",earthquake,0.23,0.24,0.20887126001021,32,reviewed,hv,hv
2026-04-17T06:49:01.601Z,58.836,-143.355,63.3,2.5,ml,31,189,1.4,0.5,ak,aka2026hncnsk,2026-04-17T19:55:04.272Z,"221 km WSW of Yakutat, Alaska",earthquake,7.6,20.3822,0.4,20,reviewed,ak,ak
2026-04-17T06:47:16.592Z,9.6524,125.7163,116.727,4.9,mb,52,113,2.57,0.64,us,us6000sqqr,2026-04-17T08:06:45.577Z,"6 km NNE of Gigaquit, Philippines",earthquake,11.15,4.821,0.085,44,reviewed,us,us
2026-04-17T06:19:48.260Z,-31.4943,-69.242,112.404,4.9,mb,49,56,0.491,0.96,us,us6000sqqg,2026-04-17T11:14:21.436Z,"24 km SE of Calingasta, Argentina",earthquake,6.49,5.414,0.085,43,reviewed,us,us
2026-04-17T06:18:08.090Z,17.9235,-66.974666666667,15.22,2.45,md,6,235,0.08044,0.07,pr,pr71513808,2026-04-17T06:40:17.640Z,"8 km SW of Guánica, Puerto Rico",earthquake,0.61,0.68,0.16467419916537,5,reviewed,pr,pr
2026-04-17T04:38:56.367Z,62.621,-149.161,67.4,2.5,ml,85,22,0.3,0.8,ak,aka2026hmyfqz,2026-04-17T22:01:23.727Z,"52 km ENE of Chase, Alaska",earthquake,1.9,2.5814,0.2,63,reviewed,ak,ak
2026-04-17T03:54:28.374Z,-18.386,-71.314,43.747,4.2,mb,15,254,0.923,0.79,us,us6000sqq2,2026-04-17T21:05:36.040Z,"81 km S of Pacocha, Peru",earthquake,9.38,13.192,0.216,6,reviewed,us,us
2026-04-17T02:38:34.619Z,-31.5513,-66.7778,130.041,4.5,mb,43,84,1.616,1.16,us,us6000sqpv,2026-04-17T03:37:33.040Z,"106 km WNW of Candelaria, Argentina",earthquake,8.89,9.243,0.084,42,reviewed,us,us
2026-04-17T01:27:21.242Z,62.305,-150.825,73.6,3.3,ml,172,16,0.2,0.9,ak,aka2026hmrwnl,2026-04-17T20:29:20.242Z,"21 km S of Petersville, Alaska",earthquake,1.7,2.1875,0.2,127,reviewed,ak,ak
2026-04-17T01:03:02.743Z,31.676,-104.485,6.3562,2.8,ml,24,83,0,0.1,tx,tx2026hmrbqf,2026-04-17T12:37:57.209Z,"56 km S of Whites City, New Mexico",earthquake,0.98712239945777,0.50536696316623,0.1,19,reviewed,tx,tx
2026-04-17T00:58:01.935Z,16.6012,-95.798,57.338,4.7,mb,41,138,2.815,1.12,us,us6000sqpd,2026-04-17T04:04:51.719Z,"19 km E of Nejapa de Madero, Mexico",earthquake,10.18,9.446,0.036,234,reviewed,us,us
2026-04-17T00:54:35.170Z,18.507,-65.584833333333,89.64,3.27,md,20,181,0.2569,0.34,pr,pr71513783,2026-04-17T03:30:42.040Z,"20 km NE of Luquillo, Puerto Rico",earthquake,1.72,1.01,0.083119570248841,16,reviewed,pr,pr
2026-04-17T00:26:12.470Z,51.165,-176.29,25,2.5,ml,15,287,0.7,0.2,ak,aka2026hmpvws,2026-04-17T20:07:38.489Z,"82 km SSE of Adak, Alaska",earthquake,11.1,5.7432,0.1,13,reviewed,ak,ak
2026-04-16T23:53:53.267Z,51.634,-175.556,50.1,2.6,ml,18,222,0.4,0.3,ak,aka2026hmouat,2026-04-17T00:13:32.689Z,"79 km ESE of Adak, Alaska",earthquake,25.2,13.0559,0.1,14,reviewed,ak,ak
2026-04-16T23:38:48.195Z,-18.6205,-175.4086,219.87,4.5,mb,39,58,5.21,1.43,us,us6000sqnw,2026-04-17T00:28:05.040Z,"150 km W of Neiafu, Tonga",earthquake,10.59,6.616,0.082,45,reviewed,us,us
2026-04-16T23:17:29.252Z,8.0993,-83.0748,8.044,4,mb,14,157,1.168,0.8,us,us6000sqnn,2026-04-18T21:51:34.040Z,"23 km W of Limones, Panama",earthquake,6,5.068,0.26,4,reviewed,us,us
2026-04-16T23:11:27.518Z,53.278,-164.032,65.8,2.6,ml,10,303,1.3,0.2,ak,aka2026hmnjbz,2026-04-17T00:21:16.709Z,"149 km SE of Akutan, Alaska",earthquake,59.8,85.8354,0.1,8,reviewed,ak,ak
2026-04-16T22:56:50.489Z,29.736,105.1797,10,4.4,mb,22,152,3.781,0.71,us,us6000sqnr,2026-04-17T02:01:54.040Z,"20 km NE of Neijiang, China",earthquake,15.12,1.943,0.155,12,reviewed,us,us
2026-04-16T22:22:35.483Z,29.5901,104.8632,10,4.3,mb,31,153,4.078,0.81,us,us6000sqnd,2026-04-17T01:49:44.040Z,"19 km W of Neijiang, China",earthquake,13.72,1.943,0.105,26,reviewed,us,us
2026-04-16T21:46:25.134Z,0.2141,-16.6026,10,5.1,mb,28,153,17.232,0.97,us,us6000sqn6,2026-04-16T22:14:23.040Z,"north of Ascension Island",earthquake,13.97,1.938,0.077,56,reviewed,us,us
2026-04-16T21:42:52.500Z,52.8531,-167.9187,35,2.6,ml,17,215,0.525,0.76,us,us6000sqp5,2026-04-17T00:34:16.040Z,"64 km E of Nikolski, Alaska",earthquake,3.65,2.009,0.105,12,reviewed,us,us
2026-04-16T20:44:09.802Z,39.3242,-119.0401,7.3958,2.57,ml,25,70,0.073,0.1643,nn,nn00915016,2026-04-16T21:01:27.040Z,"18 km ESE of Silver Springs, Nevada",earthquake,,1.0618,0.2,15,reviewed,nn,nn
2026-04-16T20:36:42.256Z,0.0245,-16.4939,10,5.2,mb,79,76,14.377,0.48,us,us6000sqml,2026-04-17T17:19:27.040Z,"north of Ascension Island",earthquake,10.48,1.879,0.036,263,reviewed,us,us
2026-04-16T19:51:59.293Z,-32.3197,-178.216,10,4.7,mb,18,245,5.958,0.44,us,us6000sqme,2026-04-16T20:13:37.040Z,"south of the Kermadec Islands",earthquake,14.55,1.99,0.143,16,reviewed,us,us
2026-04-16T19:46:26.790Z,56.5752,-4.5526,10,3.5,mb,15,171,1.471,0.73,us,us6000sqqe,2026-04-20T13:54:25.728Z,"42 km WNW of Comrie, United Kingdom",earthquake,4.2,1.912,0.247,4,reviewed,us,us
2026-04-16T19:19:53.642Z,0.6634,126.2286,35,4.4,mb,28,135,6.396,1.05,us,us6000sqm3,2026-04-16T19:44:05.040Z,"129 km W of Ternate, Indonesia",earthquake,13.82,1.931,0.11,24,reviewed,us,us
2026-04-16T18:49:38.909Z,32.067,-103.727,7.7533,2.9,ml,25,54,0,0.1,tx,tx2026hmerwn,2026-04-16T18:59:06.410Z,"36 km ESE of Malaga, New Mexico",earthquake,0.44669104893786,0.57206428960281,0.2,27,reviewed,tx,tx
2026-04-16T18:32:46.980Z,19.278666666667,-68.464,74.74,3.44,md,13,201,0.6842,0.51,pr,pr71513768,2026-04-16T19:26:57.500Z,"69 km ENE of Miches, Dominican Republic",earthquake,2.92,4.75,0.17506499786252,9,reviewed,pr,pr
2026-04-16T18:23:57.511Z,39.3139,-119.062,7.011,2.8,ml,28,60,0.065,0.1483,nn,nn00915003,2026-04-16T19:16:15.773Z,"17 km SE of Silver Springs, Nevada",earthquake,,1.1373,0.29,13,reviewed,nn,nn
2026-04-16T18:07:37.663Z,-23.4952,-179.9118,550.454,4.5,mb,26,166,6.03,0.8,us,us6000sqli,2026-04-16T18:26:14.040Z,"south of the Fiji Islands",earthquake,14.01,12.542,0.106,26,reviewed,us,us
2026-04-16T17:19:17.054Z,23.9928,143.079,10,4.8,mb,68,121,10.914,0.95,us,us6000sqla,2026-04-16T17:42:36.040Z,"Volcano Islands, Japan region",earthquake,10.76,1.874,0.047,141,reviewed,us,us
2026-04-16T17:13:26.086Z,51.9375,176.2885,10,3.7,mb,27,195,1.376,0.59,us,us6000sqnz,2026-04-18T19:29:44.040Z,"234 km ESE of Attu Station, Alaska",earthquake,7.25,1.978,0.151,11,reviewed,us,us
2026-04-16T16:51:52.781Z,-45.8129,-76.2235,10,4.7,mb,22,188,2.019,0.92,us,us6000sqk6,2026-04-16T17:48:42.040Z,"268 km W of Puerto Chacabuco, Chile",earthquake,9.32,1.975,0.16,16,reviewed,us,us
2026-04-16T15:40:59.571Z,51.522,-172.629,83.1,3.3,ml,14,249,1.2,0.7,ak,aka2026hlylwy,2026-04-16T23:55:39.220Z,"131 km SE of Atka, Alaska",earthquake,42.3,32.4066,0.2,11,reviewed,ak,ak
2026-04-16T14:43:15.391Z,33.4772,142.225,66.763,5,mb,40,94,4.501,0.81,us,us6000sqjk,2026-04-16T15:06:37.040Z,"255 km SE of Katsuura, Japan",earthquake,11.53,6.517,0.039,212,reviewed,us,us
2026-04-16T13:59:27.540Z,51.148,178.449,27.9,2.8,ml,8,296,0.6,0.4,ak,aka2026hlvbun,2026-04-16T23:39:20.339Z,"Rat Islands, Aleutian Islands, Alaska",earthquake,10.6,4.1459,0.1,6,reviewed,ak,ak
2026-04-16T13:49:02.032Z,31.682,-104.387,5.4846,2.7,ml,40,73,0,0.2,tx,tx2026hlusut,2026-04-16T14:17:13.684Z,"54 km S of Whites City, New Mexico",earthquake,0.70683833773991,0.56977678195127,0.1,29,reviewed,tx,tx
2026-04-16T13:30:01.088Z,-32.2098,-178.0541,10,6,mww,30,117,2.957,0.9,us,us6000sqjb,2026-04-17T13:55:20.157Z,"south of the Kermadec Islands",earthquake,9.92,1.92,0.065,23,reviewed,us,us
2026-04-16T12:40:10.403Z,-32.1302,-178.1517,10,4.8,mb,32,149,2.882,0.87,us,us6000sqj4,2026-04-16T13:30:47.040Z,"south of the Kermadec Islands",earthquake,11.29,1.925,0.102,30,reviewed,us,us
2026-04-16T12:16:22.017Z,53.0856,-161.8933,35,2.7,ml,20,239,1.907,1.24,us,us6000sqn3,2026-04-17T11:57:58.040Z,"220 km SSE of False Pass, Alaska",earthquake,7.04,2.022,0.081,20,reviewed,us,us
2026-04-16T11:14:16.826Z,60.4623,-140.0341,5,2.6,ml,32,96,0.6,1.35,us,us6000sqiv,2026-04-17T07:41:06.040Z,"103 km N of Yakutat, Alaska",earthquake,3.08,1.968,0.041,80,reviewed,us,us
2026-04-16T09:04:50.864Z,51.6784,-179.0454,15.968,2.5,ml,18,123,0.154,0.63,us,us6000sqn0,2026-04-17T07:27:04.040Z,"167 km W of Adak, Alaska",earthquake,2.62,1.862,0.091,16,reviewed,us,us
2026-04-16T08:53:35.589Z,39.3134,-119.053,8.601,3.01,ml,22,84,0.063,0.1617,nn,nn00914948,2026-04-16T17:34:47.821Z,"18 km SE of Silver Springs, Nevada",earthquake,,1.4678,0.32,9,reviewed,nn,nn
2026-04-16T08:51:19.222Z,-24.2004,-67.3302,192.947,4.7,mb,21,98,1.466,0.45,us,us6000sqid,2026-04-16T14:56:49.040Z,"102 km W of San Antonio de los Cobres, Argentina",earthquake,10.23,8.761,0.147,14,reviewed,us,us
2026-04-16T08:09:02.443Z,-14.6589,-76.767,10,5.2,mb,59,150,2.656,0.72,us,us6000sqib,2026-04-16T08:59:33.562Z,"102 km SSW of Paracas, Peru",earthquake,9.58,1.92,0.024,556,reviewed,us,us
2026-04-16T07:00:32.378Z,31.67,-104.387,5.8948,3.6,ml,23,69,0,0.1,tx,tx2026hlhety,2026-04-17T07:17:55.296Z,"56 km S of Whites City, New Mexico",earthquake,0.83357630882449,0.76570894435541,0.1,18,reviewed,tx,tx
2026-04-16T06:56:10.681Z,40.5744,-119.667,12.2816,2.86,ml,7,173,0.408,0.1741,nn,nn00914931,2026-04-16T07:45:18.670Z,"27 km W of Empire, Nevada",earthquake,,3.0168,0.48,5,reviewed,nn,nn
2026-04-16T06:26:44.404Z,-10.7563,161.9355,50.768,4.9,mb,31,110,2.355,1.15,us,us6000sqhl,2026-04-16T06:44:08.040Z,"33 km S of Kirakira, Solomon Islands",earthquake,9.79,8.43,0.096,34,reviewed,us,us
2026-04-16T06:18:51.120Z,-6.4014,-76.9169,124.148,4.6,mb,53,113,4.229,0.69,us,us6000sqhk,2026-04-16T06:52:03.040Z,"26 km WSW of Tabalosos, Peru",earthquake,6.47,8.352,0.036,227,reviewed,us,us
2026-04-16T05:49:43.190Z,34.1455,-117.40916666667,6.81,2.72,ml,148,19,0.04936,0.21,ci,ci41442232,2026-04-17T04:24:35.956Z,"6 km NW of Rialto, CA",earthquake,0.1,0.28,0.16426124083793,219,reviewed,ci,ci
2026-04-16T05:15:44.990Z,18.977333333333,-64.975666666667,11.12,3.43,md,21,234,0.6219,0.21,pr,pr71513748,2026-04-16T06:13:29.630Z,"70 km N of Charlotte Amalie, U.S. Virgin Islands",earthquake,0.97,1.55,0.050459838555528,4,reviewed,pr,pr
2026-04-16T05:12:35.710Z,18.9618,-64.9576,36,3.86,md,24,234,0.6085,0.42,pr,pr2026106000,2026-04-16T05:50:46.396Z,"68 km N of Charlotte Amalie, U.S. Virgin Islands",earthquake,3.41,10.73,0.06,13,reviewed,pr,pr
2026-04-16T05:01:30.716Z,-7.0963,150.4314,10,5,mb,32,156,3.362,0.67,us,us6000sqh2,2026-04-16T05:36:00.040Z,"138 km SE of Kandrian, Papua New Guinea",earthquake,10.02,1.912,0.063,80,reviewed,us,us
2026-04-16T04:35:53.625Z,53.041,-166.727,18,2.5,ml,27,227,0.8,0.5,ak,aka2026hlckca,2026-04-16T20:09:58.116Z,"93 km S of Unalaska, Alaska",earthquake,5.2,5.0369,0.1,21,reviewed,ak,ak
2026-04-16T03:09:51.850Z,31.677,-104.387,6.0999,2.5,ml,42,70,0,0.2,tx,tx2026hkznyk,2026-04-16T07:23:49.039Z,"55 km S of Whites City, New Mexico",earthquake,0.80270103648847,0.66405169637189,0.2,30,reviewed,tx,tx
2026-04-16T01:24:05.787Z,31.668,-104.392,6.0999,3.5,ml,24,69,0,0.1,tx,tx2026hkwawq,2026-04-17T01:41:31.474Z,"56 km S of Whites City, New Mexico",earthquake,0.78906656990254,0.76767599250009,0.2,19,reviewed,tx,tx
2026-04-16T00:27:45.570Z,40.292331695557,-124.04033660889,23.170000076294,2.48,md,13,112,0.06883,0.46,nc,nc75345547,2026-04-16T01:47:22.990Z,"21 km E of Petrolia, CA",earthquake,2.25,2.20000005,0.04,9,automatic,nc,nc
2026-04-15T23:57:41.324Z,41.3441,74.6193,10,4.2,mb,20,78,0.392,0.92,us,us6000sqfj,2026-04-16T00:49:34.040Z,"29 km WNW of Baetovo, Kyrgyzstan",earthquake,2.33,1.767,0.215,6,reviewed,us,us
2026-04-15T23:57:21.250Z,53.558,-174.542,21.1,2.9,ml,9,304,1.2,0.7,ak,aka2026hktevi,2026-04-20T07:19:10.601Z,"153 km N of Atka, Alaska",earthquake,52.6,51.7774,0.1,7,reviewed,ak,ak
2026-04-15T23:35:56.858Z,54.469,-160.55,3.8,2.8,ml,23,259,1,0.5,ak,aka2026hkslst,2026-04-20T07:20:18.848Z,"96 km S of Sand Point, Alaska",earthquake,7.6,3.5174,0.1,19,reviewed,ak,ak
2026-04-15T23:19:31.122Z,21.9039,145.7492,10,4.6,mb,65,143,15.497,1,us,us6000sqfi,2026-04-16T00:43:38.040Z,"Mariana Islands region",earthquake,11.82,1.902,0.074,55,reviewed,us,us
2026-04-15T22:24:43.915Z,39.3237,-119.0298,8.0539,2.45,ml,24,76,0.073,0.1372,nn,nn00914898,2026-04-16T00:55:19.040Z,"19 km ESE of Silver Springs, Nevada",earthquake,,1.3811,0.27,11,reviewed,nn,nn
2026-04-15T21:51:53.867Z,42.8415,134.3447,419.576,4.4,mb,125,52,2.186,0.6,us,us6000sqf5,2026-04-15T22:39:19.040Z,"36 km E of Preobrazheniye, Russia",earthquake,10.41,6.602,0.04,178,reviewed,us,us
2026-04-15T19:31:46.900Z,17.874,-68.361166666667,121.82,3.43,md,8,345,1.199,0.44,pr,pr71513733,2026-04-15T20:35:36.040Z,"61 km SSE of Boca de Yuma, Dominican Republic",earthquake,7.04,4.44,0.051348580904664,4,reviewed,pr,pr
2026-04-15T17:34:58.969Z,39.3038,-119.0429,3,3.31,mw,31,69,0.053,0.1451,nn,nn00914859,2026-04-16T02:14:14.243Z,"19 km SE of Silver Springs, Nevada",earthquake,,1.0691,,,reviewed,nn,nn
2026-04-15T17:09:18.290Z,-20.4537,-177.9157,545.718,4.7,mb,88,99,4.668,0.77,us,us6000sqbr,2026-04-15T17:35:55.040Z,"283 km WNW of Houma, Tonga",earthquake,9.59,6.878,0.056,95,reviewed,us,us
2026-04-15T16:12:55.503Z,29.7313,105.0189,10,4.3,mb,30,146,3.92,0.75,us,us6000sqbn,2026-04-16T05:24:57.040Z,"16 km NNW of Neijiang, China",earthquake,9.69,1.923,0.111,23,reviewed,us,us
2026-04-15T15:55:01.527Z,9.5588,-84.0885,49.345,3.8,ml,6,201,0.199,0.2,us,us6000sq97,2026-04-15T16:22:55.719Z,"13 km SW of San Marcos, Costa Rica",earthquake,4.91,5.87,0.115,10,reviewed,us,us
2026-04-15T14:58:08.601Z,66.115,-150.309,4.4,2.5,ml,18,101,0.5,0.8,ak,aka2026hkbhlw,2026-04-15T15:00:01.457Z,"56 km WNW of Stevens Village, Alaska",earthquake,5.1,3.0912,0.1,4,automatic,ak,ak
2026-04-15T14:51:17.100Z,34.920833333333,-119.60116666667,8.81,3.22,ml,71,35,0.06366,0.28,ci,ci41441464,2026-04-16T14:38:42.040Z,"24 km SW of Maricopa, CA",earthquake,0.23,0.65,0.14922781388011,144,reviewed,ci,ci
2026-04-15T12:55:34.303Z,60.891,-150.885,8.4,3.2,ml,82,37,0.4,0.8,ak,aka2026hjxfwp,2026-04-15T12:57:23.917Z,"11 km WSW of Point Possession, Alaska",earthquake,1.9,1.6066,0.1,4,automatic,ak,ak
2026-04-15T11:01:18.687Z,39.3132,-119.0537,7.8909,2.63,ml,32,84,0.063,0.1467,nn,nn00914796,2026-04-15T17:50:29.535Z,"18 km SE of Silver Springs, Nevada",earthquake,,1.1443,0.35,12,reviewed,nn,nn
2026-04-15T10:29:18.182Z,57.338,-155.115,60.1,2.7,ml,79,147,0.7,0.6,ak,aka2026hjsjvd,2026-04-20T07:05:14.263Z,"47 km WSW of Karluk, Alaska",earthquake,4.4,4.1537,0.2,55,reviewed,ak,ak
2026-04-15T10:20:06.407Z,32.108,-101.904,8.9355,2.7,ml,69,56,0.1,0.1,tx,tx2026hjrzts,2026-04-15T10:54:49.336Z,"11 km WSW of Stanton, Texas",earthquake,0.21283909394969,0.46463644137268,0.2,33,reviewed,tx,tx
2026-04-15T10:13:59.375Z,-23.7283,179.1381,554.164,4.4,mb,39,112,6.039,0.98,us,us6000sq77,2026-04-15T10:30:54.040Z,"south of the Fiji Islands",earthquake,14.28,9.687,0.092,34,reviewed,us,us
2026-04-15T10:06:51.484Z,51.61,-168.458,23.1,3.4,ml,32,277,1.4,0.8,ak,aka2026hjrrnf,2026-04-19T06:50:03.781Z,"150 km S of Nikolski, Alaska",earthquake,11.4,13.5547,0.1,24,reviewed,ak,ak
2026-04-15T08:16:02.890Z,19.1356,-64.8628,23,3.63,md,22,251,0.7608,0.38,pr,pr2026105000,2026-04-15T09:01:08.619Z,"88 km N of Charlotte Amalie, U.S. Virgin Islands",earthquake,1.67,27.57,0.16,19,reviewed,pr,pr
2026-04-15T07:59:41.365Z,-21.3603,170.3357,166.688,5.4,mww,61,42,2.957,0.83,us,us6000sq6d,2026-04-16T08:23:24.269Z,"229 km SSE of Isangel, Vanuatu",earthquake,7.87,4.857,0.059,28,reviewed,us,us
2026-04-15T07:27:56.531Z,-11.4964,163.1794,10,4.9,mb,51,54,3.779,1.04,us,us6000sq66,2026-04-15T08:37:55.040Z,"179 km SE of Kirakira, Solomon Islands",earthquake,5.87,1.748,0.053,112,reviewed,us,us
2026-04-15T07:12:55.421Z,52.667,-169.003,88.3,2.6,ml,20,235,0.3,0.7,ak,aka2026hjlwpv,2026-04-18T06:25:09.429Z,"31 km SSW of Nikolski, Alaska",earthquake,30.3,7.0545,0.1,16,reviewed,ak,ak
2026-04-15T06:56:02.781Z,9.9151,-86.3803,20,5.7,mww,85,93,1.403,1.33,us,us6000sq5z,2026-04-16T15:49:06.040Z,"72 km SW of Tamarindo, Costa Rica",earthquake,6.72,1.86,0.038,68,reviewed,us,us
2026-04-15T04:00:05.906Z,36.6374,71.3985,128.197,4.3,mb,37,95,1.883,1.34,us,us6000sq54,2026-04-15T04:24:01.040Z,"13 km WSW of Ashkāsham, Afghanistan",earthquake,7.43,7.474,0.107,25,reviewed,us,us
2026-04-15T03:30:25.151Z,52.37,-169.529,19.9,3.6,ml,31,214,0.4,0.8,ak,aka2026hjemvt,2026-04-19T07:09:19.254Z,"77 km SW of Nikolski, Alaska",earthquake,7.2,2.6399,0.1,24,reviewed,ak,ak
2026-04-15T02:52:16.996Z,39.7336,49.7313,10,4.3,mb,26,165,0.561,0.83,us,us6000sq5k,2026-04-16T05:15:58.040Z,"47 km SE of Qobustan, Azerbaijan",earthquake,7.14,1.972,0.116,21,reviewed,us,us
2026-04-15T02:38:25.666Z,-51.7032,-75.4046,36.578,5,mb,41,130,2.624,0.8,us,us6000sq4t,2026-04-15T03:16:44.040Z,"200 km W of Puerto Natales, Chile",earthquake,10.7,5.96,0.078,52,reviewed,us,us
2026-04-15T02:10:40.864Z,-6.975,117.0899,500.319,4.9,mb,73,42,1.962,0.78,us,us6000sq4s,2026-04-15T02:34:26.040Z,"164 km NNW of Pototano, Indonesia",earthquake,10.99,6.587,0.07,64,reviewed,us,us
2026-04-15T01:43:51.812Z,29.5797,105.0338,10,4.4,mb,19,127,3.934,0.89,us,us6000sq4j,2026-04-15T03:38:21.040Z,"2 km W of Neijiang, China",earthquake,11.15,1.844,0.162,11,reviewed,us,us
2026-04-15T01:15:36.098Z,-6.8961,129.8063,177.432,4.3,mb,21,136,2.36,0.57,us,us6000sq4f,2026-04-15T01:35:36.040Z,"Banda Sea",earthquake,11.25,9.511,0.143,14,reviewed,us,us
2026-04-15T00:53:29.454Z,52.631,-168.641,62.9,2.8,ml,23,237,0.4,0.6,ak,aka2026hizhpv,2026-04-18T06:45:13.001Z,"37 km SSE of Nikolski, Alaska",earthquake,23.4,10.6578,0.1,19,reviewed,ak,ak
2026-04-15T00:47:42.960Z,33.0051,50.0257,10,4.1,mb,19,261,4.148,0.83,us,us6000sq5l,2026-04-15T21:49:21.040Z,"11 km NW of Fereydūnshahr, Iran",earthquake,8.87,2.02,0.14,14,reviewed,us,us
2026-04-14T22:54:11.611Z,59.682,-153.258,124.3,2.6,ml,103,69,0,0.7,ak,aka2026hivivj,2026-04-20T07:47:13.652Z,"49 km ESE of Pedro Bay, Alaska",earthquake,3,1.4066,0.3,73,reviewed,ak,ak
2026-04-14T22:39:11.711Z,36.0114,-115.1958,0.039,2.5,ml,20,290,0.494,0.4138,nn,nn00914628,2026-04-15T21:02:20.242Z,"4 km ESE of Enterprise, Nevada",earthquake,,9.673,0.16,11,automatic,nn,nn
2026-04-14T22:25:16.625Z,58.927,-153.995,121.7,3.8,ml,184,57,0.2,0.9,ak,aka2026hiujxi,2026-04-19T10:21:47.100Z,"72 km SE of Kokhanok, Alaska",earthquake,2.7,1.1837,0.3,133,reviewed,ak,ak
2026-04-14T22:16:55.464Z,39.3203,-119.0699,7.5467,2.71,ml,27,121,0.361,0.1302,nn,nn00914624,2026-04-14T23:36:13.040Z,"17 km SE of Silver Springs, Nevada",earthquake,,1.8713,0.35,16,reviewed,nn,nn
2026-04-14T21:04:49.623Z,27.4515,92.0607,10,4,mb,30,146,6.741,0.89,us,us6000sq30,2026-04-14T21:55:10.040Z,"19 km SE of Tawang, India",earthquake,13.13,1.945,0.11,22,reviewed,us,us
2026-04-14T20:45:04.142Z,39.3218,-119.0693,10.9495,3.14,ml,22,123,0.362,0.1583,nn,nn00914605,2026-04-15T10:35:13.819Z,"16 km SE of Silver Springs, Nevada",earthquake,,5.002,0.32,9,reviewed,nn,nn
2026-04-14T20:28:49.859Z,60.255,-150.179,28.4,2.7,ml,74,97,0.4,0.8,ak,aka2026hiqnok,2026-04-19T09:01:59.796Z,"32 km SW of Cooper Landing, Alaska",earthquake,3,2.3518,0.2,52,reviewed,ak,ak
2026-04-14T20:06:19.336Z,-27.9783,-66.8501,225.884,4.4,mb,32,113,3.169,0.69,us,us6000sq2b,2026-04-14T20:41:23.040Z,"40 km SE of Londres, Argentina",earthquake,12.07,23.434,0.239,5,reviewed,us,us
2026-04-14T19:18:57.793Z,63.64,-150.743,3.3,2.7,ml,80,39,0.6,1,ak,aka2026hiofjb,2026-04-19T08:57:38.876Z,"49 km ENE of Denali National Park, Alaska",earthquake,2.3,2.4818,0.2,56,reviewed,ak,ak
2026-04-14T19:12:16.663Z,39.2948,-119.0554,8.9304,3.27,ml,17,236,0.341,0.1706,nn,nn00914590,2026-04-15T07:10:43.832Z,"19 km SE of Silver Springs, Nevada",earthquake,,12.2803,0.28,4,reviewed,nn,nn
2026-04-14T18:59:11.473Z,-19.2061,-66.8369,279.776,4.3,mb,37,69,2.373,0.76,us,us6000sq1r,2026-04-14T19:48:45.040Z,"34 km SSW of Challapata, Bolivia",earthquake,8.6,11.093,0.16,11,reviewed,us,us
2026-04-14T18:49:07.083Z,68.137,-155.254,0.8,2.7,ml,36,75,1,0.7,ak,aka2026hinfqg,2026-04-19T08:31:41.194Z,"146 km W of Anaktuvuk Pass, Alaska",earthquake,3.2,2.8659,0.1,25,reviewed,ak,ak
2026-04-14T18:38:50.513Z,39.3133,-119.0697,9.1226,3.3,ml,24,140,0.354,0.1147,nn,nn00914581,2026-04-14T18:57:25.040Z,"17 km SE of Silver Springs, Nevada",earthquake,,2.8211,0.2,13,reviewed,nn,nn
2026-04-14T18:06:05.721Z,32.257,-101.763,6.2744,2.9,ml,56,52,0,0.1,tx,tx2026hiluhi,2026-04-14T18:50:59.040Z,"14 km N of Stanton, Texas",earthquake,0.53299682697049,0.57742225546751,0.2,63,reviewed,tx,tx
2026-04-14T16:37:23.569Z,-18.4259,-175.4283,219.908,4.6,mb,22,104,5.252,0.85,us,us6000sq0w,2026-04-14T16:58:19.040Z,"154 km W of Neiafu, Tonga",earthquake,13.65,11.898,0.103,28,reviewed,us,us
2026-04-14T16:36:42.897Z,45.7658,-76.3608,10,4,mwr,121,29,1.082,0.54,us,us6000sq0v,2026-04-16T17:42:05.339Z,"20 km NNE of Shawville, Canada",earthquake,2.46,1.876,0.039,62,reviewed,us,us
2026-04-14T15:51:34.416Z,-6.1084,148.9806,63.779,4.6,mb,68,58,3.698,0.63,us,us6000sq0l,2026-04-14T21:32:13.040Z,"63 km W of Kandrian, Papua New Guinea",earthquake,7.39,7.804,0.064,72,reviewed,us,us
2026-04-14T15:08:15.515Z,52.5791,-169.6843,49.621,3.8,mb,67,173,0.209,0.84,us,us6000sq1q,2026-04-14T20:43:40.040Z,"68 km SW of Nikolski, Alaska",earthquake,6.99,6.835,0.065,61,reviewed,us,us
2026-04-14T13:34:41.331Z,51.8999,176.3108,1.905,3.2,ml,12,197,1.363,0.34,us,us6000sq3f,2026-04-15T14:12:51.040Z,"237 km ESE of Attu Station, Alaska",earthquake,8.09,10.538,0.097,14,reviewed,us,us
2026-04-14T13:21:00.494Z,40.7285,142.2225,63.032,4.4,mb,129,86,0.882,0.64,us,us6000spzl,2026-04-14T15:00:40.040Z,"66 km ENE of Hachinohe, Japan",earthquake,5.9,7.463,0.049,127,reviewed,us,us
2026-04-14T13:13:56.893Z,45.6469,-111.5824,6.568,2.5,ml,55,51,0.06,0.42,us,us6000spzi,2026-04-14T18:52:16.040Z,"16 km ESE of Harrison, Montana",earthquake,0.79,4.449,0.036,104,reviewed,us,us
2026-04-14T12:45:45.688Z,52.0961,175.0556,61.702,4.7,mb,104,150,0.863,0.82,us,us6000spzb,2026-04-14T13:25:45.898Z,"152 km SE of Attu Station, Alaska",earthquake,8.16,7.545,0.041,177,reviewed,us,us
2026-04-14T12:44:11.327Z,-9.012,124.0381,89.647,4.5,mb,23,111,0.772,0.49,us,us6000spza,2026-04-15T09:16:39.040Z,"43 km WNW of Pante Makasar, Timor Leste",earthquake,11.35,11.318,0.115,22,reviewed,us,us
2026-04-14T12:36:49.500Z,18.001833333333,-65.429333333333,12.7,2.49,md,9,204,0.3039,0.29,pr,pr71513683,2026-04-14T13:32:24.300Z,"11 km SSE of Esperanza, Puerto Rico",earthquake,1.61,1.16,0.15624535245162,8,reviewed,pr,pr
2026-04-14T12:29:38.386Z,15.5192,-94.0641,55.766,4.1,mb,73,176,2.003,0.49,us,us6000spzy,2026-04-15T08:53:08.040Z,"55 km SSW of Cabeza de Toro, Mexico",earthquake,9.84,11.038,0.069,58,reviewed,us,us
2026-04-14T12:25:34.681Z,39.3305,-119.0202,5.1549,2.68,ml,21,128,0.385,0.1501,nn,nn00914484,2026-04-14T18:44:13.961Z,"19 km ESE of Silver Springs, Nevada",earthquake,,2.2663,0.24,7,reviewed,nn,nn
2026-04-14T11:35:19.115Z,44.4027,149.1801,35,4.5,mb,61,135,4.74,0.65,us,us6000spyx,2026-04-14T14:49:09.040Z,"137 km SE of Kuril’sk, Russia",earthquake,6.77,1.926,0.068,64,reviewed,us,us
2026-04-14T10:50:17.936Z,51.508,-176.3828,34.089,3.3,ml,34,206,0.355,0.62,us,us6000sq35,2026-04-15T09:54:36.939Z,"44 km SSE of Adak, Alaska",earthquake,3.72,10.374,0.085,18,reviewed,us,us
2026-04-14T10:35:45.772Z,60.359,-153.49,176.2,3.3,ml,169,31,0.3,0.8,ak,aka2026hhwwim,2026-04-14T21:35:38.591Z,"48 km ENE of Port Alsworth, Alaska",earthquake,2.5,1.1419,0.3,119,reviewed,ak,ak
2026-04-14T10:19:53.534Z,-33.5338,148.7478,10,4.5,mb,20,86,1.792,0.57,us,us6000spyf,2026-04-15T22:43:55.850Z,"8 km ENE of Canowindra, Australia",earthquake,4.44,1.945,0.15,13,reviewed,us,us
2026-04-14T10:16:30.837Z,52.1418,-169.2995,10,2.5,ml,17,285,0.696,0.56,us,us6000sq33,2026-04-15T09:46:43.040Z,"93 km SSW of Nikolski, Alaska",earthquake,3.17,1.991,0.115,10,reviewed,us,us
2026-04-14T10:13:16.728Z,-49.3093,30.3996,10,5.7,mb,71,60,14.677,0.66,us,us6000spye,2026-04-15T10:41:37.589Z,"south of Africa",earthquake,11.04,1.856,0.056,114,reviewed,us,us
2026-04-14T09:54:54.252Z,51.314,-178.957,13.1,2.6,ml,15,310,0.3,0.5,ak,aka2026hhvnki,2026-04-14T21:17:35.782Z,"172 km WSW of Adak, Alaska",earthquake,18.9,5.0081,0.1,11,reviewed,ak,ak
2026-04-14T09:37:54.226Z,56.412,-153.922,28.6,2.7,ml,32,232,0.9,0.4,ak,aka2026hhuyra,2026-04-15T09:33:58.040Z,"61 km SSE of Akhiok, Alaska",earthquake,9.6,9.0587,0.1,22,reviewed,ak,ak
2026-04-14T09:35:59.249Z,53.0437,-165.7574,35,2.5,ml,33,220,0.919,0.84,us,us6000sq2y,2026-04-15T09:23:40.040Z,"105 km SSE of Unalaska, Alaska",earthquake,4.81,2.016,0.091,16,reviewed,us,us
2026-04-14T09:24:38.232Z,39.3432,-119.004,13.4459,2.48,ml,25,95,0.402,0.173,nn,nn00914413,2026-04-16T22:45:21.246Z,"20 km ESE of Silver Springs, Nevada",earthquake,,2.4854,0.31,13,reviewed,nn,nn
2026-04-14T09:13:12.720Z,44.774333333333,-110.71316666667,4.66,2.49,ml,28,66,0.04694,0.18,uu,uu80136406,2026-04-14T14:33:36.420Z,"22 km S of Mammoth, Wyoming",earthquake,0.28,0.42,0.15338418158894,12,reviewed,uu,uu
2026-04-14T08:10:40.187Z,1.1242,126.2772,40.76,4.7,mb,81,89,6.678,0.81,us,us6000spxi,2026-04-15T07:32:49.040Z,"128 km WNW of Ternate, Indonesia",earthquake,9.89,7.366,0.059,87,reviewed,us,us
2026-04-14T07:20:31.754Z,51.2696,-178.4012,32.485,2.7,ml,16,206,0.384,0.34,us,us6000sq2w,2026-04-15T05:26:21.040Z,"139 km WSW of Adak, Alaska",earthquake,3.38,10.773,0.091,16,reviewed,us,us
2026-04-14T06:38:03.980Z,17.955666666667,-65.610833333333,20.45,2.91,md,12,208,0.3964,0.13,pr,pr71513673,2026-04-14T07:13:51.320Z,"21 km SW of Esperanza, Puerto Rico",earthquake,1.06,31.61,0.1249889493772,6,reviewed,pr,pr
2026-04-14T06:25:17.938Z,55.822,-158.742,57.8,3.1,ml,59,204,0.4,0.8,ak,aka2026hhooqo,2026-04-18T12:34:10.040Z,"27 km ESE of Perryville, Alaska",earthquake,7,3.2528,0.2,44,reviewed,ak,ak
2026-04-14T06:07:25.800Z,19.6501,-63.6991,67,3.63,md,15,322,1.3563,0.46,pr,pr2026104001,2026-04-18T12:29:54.040Z,"172 km NNW of The Valley, Anguilla",earthquake,5.06,13.2,0.16,6,reviewed,pr,pr
2026-04-14T05:50:21.120Z,19.6698,-63.5478,36,3.83,md,16,310,1.4565,0.15,pr,pr2026104000,2026-04-18T12:26:30.040Z,"168 km NNW of The Valley, Anguilla",earthquake,1.31,11.19,0.13,11,reviewed,pr,pr
2026-04-14T05:28:52.870Z,62.321,-151.993,120,2.7,ml,117,27,0.4,0.8,ak,aka2026hhmsbd,2026-04-18T12:22:45.040Z,"48 km NW of Skwentna, Alaska",earthquake,2,1.9469,0.3,84,reviewed,ak,ak
2026-04-14T05:07:04.507Z,32.627,-104.3865,9.748,3.3,ml,41,80,0.476,0.85,us,us6000spwa,2026-04-14T06:18:35.638Z,"15 km S of Atoka, New Mexico",earthquake,2.46,7.732,0.06,36,reviewed,us,us
2026-04-14T04:53:45.249Z,39.3049,-119.0607,4,3.6,mw,36,146,0.349,0.1263,nn,nn00914249,2026-04-14T22:42:00.393Z,"18 km SE of Silver Springs, Nevada",earthquake,,6.157,,,reviewed,nn,nn
2026-04-14T04:45:00.422Z,39.3045,-119.0512,6,3.92,mw,34,94,0.352,0.1449,nn,nn00914238,2026-04-15T05:03:27.714Z,"19 km SE of Silver Springs, Nevada",earthquake,,1.2214,,,reviewed,nn,nn
2026-04-14T04:26:06.313Z,39.3132,-119.0553,6.0383,2.77,ml,33,121,0.358,0.1664,nn,nn00914228,2026-04-16T05:04:43.040Z,"18 km SE of Silver Springs, Nevada",earthquake,,4.3599,0.29,12,reviewed,nn,nn
2026-04-14T04:19:04.665Z,51.9954,176.2999,10,3.7,mb,27,192,1.369,0.56,us,us6000sq2j,2026-04-16T04:56:07.040Z,"232 km ESE of Attu Station, Alaska",earthquake,8.35,2.01,0.135,14,reviewed,us,us
2026-04-14T04:14:41.826Z,39.3231,-119.0317,9.2979,3.21,ml,34,89,0.375,0.1895,nn,nn00914222,2026-04-14T05:03:39.343Z,"19 km ESE of Silver Springs, Nevada",earthquake,,3.0972,0.32,11,reviewed,nn,nn
2026-04-14T04:13:29.184Z,39.3182,-119.0247,4,3.37,mw,33,88,0.373,0.2008,nn,nn00914220,2026-04-14T23:25:23.147Z,"20 km ESE of Silver Springs, Nevada",earthquake,,1.5596,,,reviewed,nn,nn
2026-04-14T04:12:23.586Z,39.3089,-119.0597,10.813,2.48,ml,24,140,0.353,0.1484,nn,nn00914218,2026-04-16T04:43:29.040Z,"18 km SE of Silver Springs, Nevada",earthquake,,2.6069,0.29,11,reviewed,nn,nn
2026-04-14T04:05:49.947Z,39.32,-119.0319,7,3.37,mw,33,91,0.372,0.1802,nn,nn00914213,2026-04-14T23:04:14.800Z,"19 km ESE of Silver Springs, Nevada",earthquake,,2.8567,,,reviewed,nn,nn
2026-04-14T04:04:10.631Z,39.3425,-119.0072,11.855,2.76,ml,12,151,0.401,0.1246,nn,nn00914210,2026-04-16T04:38:03.040Z,"20 km ESE of Silver Springs, Nevada",earthquake,,7.0615,0.25,4,reviewed,nn,nn
2026-04-14T03:59:33.536Z,39.3103,-119.072,6.612,2.55,ml,32,87,0.351,0.1247,nn,nn00914205,2026-04-16T04:26:49.040Z,"17 km SE of Silver Springs, Nevada",earthquake,,2.9125,0.3,15,reviewed,nn,nn
2026-04-14T03:32:12.856Z,54.5603,-160.0823,35,3.2,mb,13,221,1.443,0.82,us,us6000spvh,2026-04-14T20:16:26.354Z,"90 km SSE of Sand Point, Alaska",earthquake,4.42,2.009,0.239,4,reviewed,us,us
2026-04-14T03:14:10.290Z,39.3238,-119.0446,6.9772,2.66,ml,19,144,0.371,0.1332,nn,nn00914170,2026-04-14T19:09:25.911Z,"18 km ESE of Silver Springs, Nevada",earthquake,,7.3924,0.1,8,reviewed,nn,nn
2026-04-14T03:07:11.875Z,39.3184,-119.0325,7.1407,2.56,ml,23,91,0.37,0.1473,nn,nn00914164,2026-04-16T03:56:40.040Z,"19 km ESE of Silver Springs, Nevada",earthquake,,7.9125,0.26,9,reviewed,nn,nn
2026-04-14T03:04:21.202Z,18.9342,145.4987,219.991,5.5,mww,74,58,3.683,0.77,us,us6000spva,2026-04-20T03:14:23.630Z,"Pagan region, Northern Mariana Islands",earthquake,10.36,8.018,0.11,8,reviewed,us,us
2026-04-14T02:51:48.436Z,49.7265,155.7663,63.67,4.7,mb,89,140,3.596,0.51,us,us6000spv5,2026-04-14T03:21:02.040Z,"108 km SSW of Severo-Kuril’sk, Russia",earthquake,12.08,7.494,0.044,159,reviewed,us,us
2026-04-14T02:37:37.020Z,18.183833333333,-67.762166666667,145.17,3.41,md,16,318,0.6431,0.2,pr,pr71513643,2026-04-16T03:37:35.040Z,"56 km WSW of Stella, Puerto Rico",earthquake,2.38,0.89,0.16733998380969,10,reviewed,pr,pr
2026-04-14T02:32:10.472Z,39.3452,-119.001,11.4508,3.01,ml,27,96,0.405,0.1491,nn,nn00914140,2026-04-14T05:36:35.986Z,"20 km ESE of Silver Springs, Nevada",earthquake,,1.9478,0.3,8,reviewed,nn,nn
2026-04-14T02:21:28.688Z,39.3336,-119.0014,5.4644,3.31,ml,29,90,0.395,0.1754,nn,nn00914128,2026-04-14T03:38:56.813Z,"21 km ESE of Silver Springs, Nevada",earthquake,,2.3764,0.34,11,reviewed,nn,nn
2026-04-14T02:20:41.831Z,39.3106,-119.0383,6.0204,3.1,ml,33,88,0.361,0.1852,nn,nn00914125,2026-04-14T03:55:44.025Z,"19 km SE of Silver Springs, Nevada",earthquake,,2.7312,0.27,11,reviewed,nn,nn
2026-04-14T02:14:02.394Z,39.3013,-119.0841,3.1851,2.46,ml,13,81,0.339,0.2242,nn,nn00914117,2026-04-16T03:32:25.040Z,"17 km SE of Silver Springs, Nevada",earthquake,,1.4217,0.26,5,automatic,nn,nn
2026-04-14T02:04:33.913Z,39.3147,-119.0195,13.4416,3.58,ml,33,111,0.372,0.1521,nn,nn00914109,2026-04-14T04:38:59.906Z,"20 km ESE of Silver Springs, Nevada",earthquake,,1.5814,0.16,7,reviewed,nn,nn
2026-04-14T01:52:39.653Z,39.3149,-119.0381,13.3622,3.02,ml,26,148,0.365,0.1653,nn,nn00914100,2026-04-14T04:10:28.175Z,"19 km SE of Silver Springs, Nevada",earthquake,,1.9224,0.13,8,reviewed,nn,nn
2026-04-14T01:52:13.882Z,39.3269,-119.0171,6.1422,2.79,ml,32,91,0.383,0.1458,nn,nn00914097,2026-04-16T03:18:51.040Z,"20 km ESE of Silver Springs, Nevada",earthquake,,4.7264,0.24,13,reviewed,nn,nn
2026-04-14T01:50:50.798Z,39.3239,-119.0253,10.4373,2.68,ml,25,91,0.378,0.1315,nn,nn00914094,2026-04-16T03:11:50.040Z,"19 km ESE of Silver Springs, Nevada",earthquake,,1.8465,0.17,12,reviewed,nn,nn
2026-04-14T01:49:18.696Z,-6.6378,127.9686,305.448,4.4,mb,48,60,2.851,0.73,us,us6000spug,2026-04-16T02:54:28.040Z,"234 km NNE of Lospalos, Timor Leste",earthquake,6.7,8.154,0.095,32,reviewed,us,us
2026-04-14T01:46:04.475Z,39.3223,-119.0901,10.773,3,ml,27,83,0.356,0.28,us,us6000sqgd,2026-04-16T02:43:33.040Z,"15 km SE of Silver Springs, Nevada",earthquake,1.47,8.433,0.049,54,reviewed,us,us
2026-04-14T01:44:18.729Z,39.3238,-119.0463,7.433,2.77,ml,19,145,0.371,0.2329,nn,nn00914090,2026-04-16T02:34:22.040Z,"18 km ESE of Silver Springs, Nevada",earthquake,,2.5231,0.22,8,automatic,nn,nn
2026-04-14T01:43:12.801Z,39.3078,-119.0844,11.853,2.6,ml,24,87,0.344,0.71,us,us6000sqg8,2026-04-16T02:25:01.040Z,"16 km SE of Silver Springs, Nevada",earthquake,1.46,7.677,0.053,47,reviewed,us,us
2026-04-14T01:42:51.996Z,39.3268,-119.0644,8.1737,2.51,ml,7,235,0.368,0.1286,nn,nn00914088,2026-04-16T02:26:03.040Z,"16 km SE of Silver Springs, Nevada",earthquake,,17.0172,0.17,3,reviewed,nn,nn
2026-04-14T01:41:51.059Z,39.324,-119.0608,7.0594,2.65,ml,20,141,0.367,0.1761,nn,nn00914087,2026-04-14T05:40:27.040Z,"17 km SE of Silver Springs, Nevada",earthquake,,3.0707,0.27,4,reviewed,nn,nn
2026-04-14T01:40:54.253Z,39.313,-119.0585,11.872,2.5,ml,18,87,0.357,0.47,us,us6000spwd,2026-04-14T05:34:59.040Z,"18 km SE of Silver Springs, Nevada",earthquake,1.23,4.777,0.06,36,reviewed,us,us
2026-04-14T01:39:52.910Z,39.3153,-119.0519,7.8876,3.01,ml,24,230,0.361,0.1672,nn,nn00914084,2026-04-14T05:40:59.608Z,"18 km SE of Silver Springs, Nevada",earthquake,,3.6829,0.36,6,reviewed,nn,nn
2026-04-14T01:39:12.377Z,39.3171,-119.0363,2.4139,3.17,ml,26,88,0.476,0.3133,nn,nn00914083,2026-04-14T04:45:33.040Z,"19 km SE of Silver Springs, Nevada",earthquake,,1.4439,0.32,10,reviewed,nn,nn
2026-04-14T01:37:07.033Z,39.2823,-119.1509,15.017,3.2,ml,10,109,0.305,0.2303,nn,nn00914081,2026-04-14T02:55:10.935Z,"16 km SSE of Silver Springs, Nevada",earthquake,,0.755,0.11,3,automatic,nn,nn
2026-04-14T01:36:43.228Z,39.3131,-119.0416,5.9571,3.24,ml,30,88,0.363,0.2293,nn,nn00914077,2026-04-14T03:58:59.040Z,"19 km SE of Silver Springs, Nevada",earthquake,,3.5415,0.5,5,reviewed,nn,nn
2026-04-14T01:35:51.800Z,39.3298,-119.0227,12.1369,2.77,ml,20,238,0.384,0.2277,nn,nn00914076,2026-04-14T03:36:52.040Z,"19 km ESE of Silver Springs, Nevada",earthquake,,2.5368,0.24,3,reviewed,nn,nn
2026-04-14T01:35:05.402Z,39.3101,-119.0783,7.8774,2.99,ml,14,139,0.349,0.2215,nn,nn00914075,2026-04-14T04:11:06.842Z,"17 km SE of Silver Springs, Nevada",earthquake,,5.4534,0.2,2,reviewed,nn,nn
2026-04-14T01:34:09.127Z,39.3418,-118.9743,9.6071,3.25,ml,11,251,0.412,0.2597,nn,nn00914074,2026-04-19T15:33:34.137Z,"22 km SW of Fallon, Nevada",earthquake,,16.1189,0.22,2,reviewed,nn,nn
2026-04-14T01:33:45.318Z,39.3131,-119.0629,9.7954,2.85,ml,16,140,0.356,0.3818,nn,nn00914073,2026-04-14T15:32:38.648Z,"17 km SE of Silver Springs, Nevada",earthquake,,6.7489,0.06,2,reviewed,nn,nn
2026-04-14T01:32:04.831Z,39.3341,-119.0317,6.8764,3.63,ml,31,144,0.385,0.2001,nn,nn00914072,2026-04-14T23:34:15.209Z,"18 km ESE of Silver Springs, Nevada",earthquake,,3.2721,0,1,reviewed,nn,nn
2026-04-14T01:29:12.123Z,39.3345,-119.0075,5,5.68,mw,28,111,0.394,0.274,nn,nn00914068,2026-04-20T16:49:41.073Z,"20 km ESE of Silver Springs, Nevada",earthquake,,2.1641,,,reviewed,nn,nn
2026-04-14T01:00:04.310Z,52.0822,-171.1298,35,3.5,ml,17,212,1.024,0.76,us,us6000sq29,2026-04-14T22:19:08.040Z,"181 km WSW of Nikolski, Alaska",earthquake,5.22,2.016,0.077,22,reviewed,us,us
2026-04-14T00:33:47.406Z,38.1611,-117.8439,11.7661,2.68,ml,17,66,0.307,0.1814,nn,nn00914065,2026-04-14T20:40:26.040Z,"34 km SE of Mina, Nevada",earthquake,,3.2271,0.19,7,reviewed,nn,nn
2026-04-14T00:06:35.068Z,59.964,-150.364,32.5,2.7,ml,71,137,0.3,0.8,ak,aka2026hhcaib,2026-04-14T19:52:32.524Z,"35 km ENE of Fox River, Alaska",earthquake,3.1,2.2712,0.2,51,reviewed,ak,ak
2026-04-13T22:57:22.299Z,41.7449,-127.0982,10,2.9,ml,31,271,2.125,0.75,us,us6000spt0,2026-04-13T23:41:23.040Z,"231 km WSW of Pistol River, Oregon",earthquake,10.87,2.023,0.042,74,reviewed,us,us
2026-04-13T22:55:44.942Z,67.903,-155.892,2.5,2.8,ml,32,136,0.7,0.6,ak,aka2026hgzrhw,2026-04-14T17:42:10.129Z,"118 km NNE of Kobuk, Alaska",earthquake,6.9,5.2947,0.1,24,reviewed,ak,ak
2026-04-13T22:45:14.340Z,-20.2344,-69.2483,91.012,4,mb,23,57,0.129,0.73,us,us6000spsw,2026-04-13T23:26:26.882Z,"44 km ENE of La Tirana, Chile",earthquake,5.1,4.584,0.163,10,reviewed,us,us
2026-04-13T21:34:23.566Z,60.646,-151.855,102.2,2.9,ml,116,36,0.4,0.6,ak,aka2026hgwzep,2026-04-14T17:34:36.423Z,"29 km W of Salamatof, Alaska",earthquake,1.9,1.5887,0.1,84,reviewed,ak,ak
2026-04-13T21:23:46.270Z,18.424,-68.7648,115,3.73,md,23,226,0.3938,0.21,pr,pr2026103001,2026-04-13T23:00:00.696Z,"9 km W of San Rafael del Yuma, Dominican Republic",earthquake,6.42,1.63,0.26,19,reviewed,pr,pr
2026-04-13T21:01:04.913Z,51.057,-178.141,28.2,2.7,ml,9,292,0.7,0.3,ak,aka2026hgvwie,2026-04-14T01:06:35.680Z,"138 km SW of Adak, Alaska",earthquake,15,9.6639,0,7,reviewed,ak,ak
2026-04-13T20:42:49.749Z,-17.7438,-70.5433,93.542,4.2,mb,28,141,0.652,0.95,us,us6000spsa,2026-04-16T17:28:59.040Z,"6 km NW of Sama Grande, Peru",earthquake,8,7.001,0.137,15,reviewed,us,us
